paper_label,paper_estimate_id,url,journal,publication_year,field,context,empirical_strategy,outcome,outcome_type,outcome_subgroup,control_outcome,independent_variable,temporal_scale,sample_size,increase_independent_variable,independent_variable_dummy,is_standardized,log_outcome,mean_outcome,sd_outcome,mean_independant_variable,sd_independent_variable,estimate,standard_error,first_stage_statistic,source_summary_stats,source_results,remarks,open_data
aguilar-gomez et al. (2020),1,https://sandraaguilargomez.files.wordpress.com/2020/11/aguilargomez_jmp_final-7.pdf,working paper,2020,economics,"mexico city, mexico",event-study combined with instrument variable,er vistits - respiratory,morbidity,all,0,dummy for day t of air quality alert - pre-reform,daily,964033,dummy for day t of air quality alert,1,1,0,NA,NA,NA,NA,0.0131,0.00674,NA,NA,table 3 - column 1,NA,0
aguilar-gomez et al. (2020),2,https://sandraaguilargomez.files.wordpress.com/2020/11/aguilargomez_jmp_final-7.pdf,working paper,2020,economics,"mexico city, mexico",event-study combined with instrument variable,er vistits - respiratory ages < 5 and  >65,morbidity,children and old,0,dummy for day t of air quality alert - pre-reform,daily,964033,dummy for day t of air quality alert,1,1,0,NA,NA,NA,NA,0.00529,0.0066,NA,NA,table 3 - column 2,NA,0
aguilar-gomez et al. (2020),3,https://sandraaguilargomez.files.wordpress.com/2020/11/aguilargomez_jmp_final-7.pdf,working paper,2020,economics,"mexico city, mexico",event-study combined with instrument variable,er vistits - asthma,morbidity,all,0,dummy for day t of air quality alert - pre-reform,daily,964033,dummy for day t of air quality alert,1,1,0,NA,NA,NA,NA,-0.00726,0.0066,NA,NA,table 3 - column 3,NA,0
aguilar-gomez et al. (2020),4,https://sandraaguilargomez.files.wordpress.com/2020/11/aguilargomez_jmp_final-7.pdf,working paper,2020,economics,"mexico city, mexico",event-study combined with instrument variable,er vistits - asthma ages < 5 and  >65,morbidity,children and old,0,dummy for day t of air quality alert - pre-reform,daily,964033,dummy for day t of air quality alert,1,1,0,NA,NA,NA,NA,-0.0161,0.00647,NA,NA,table 3 - column 4,NA,0
aguilar-gomez et al. (2020),5,https://sandraaguilargomez.files.wordpress.com/2020/11/aguilargomez_jmp_final-7.pdf,working paper,2020,economics,"mexico city, mexico",event-study combined with instrument variable,er vistits - cvd,morbidity,all,0,dummy for day t of air quality alert - pre-reform,daily,964033,dummy for day t of air quality alert,1,1,0,NA,NA,NA,NA,-0.00415,0.00666,NA,NA,table 3 - column 5,NA,0
aguilar-gomez et al. (2020),6,https://sandraaguilargomez.files.wordpress.com/2020/11/aguilargomez_jmp_final-7.pdf,working paper,2020,economics,"mexico city, mexico",event-study combined with instrument variable,er vistits - cvd ages < 5 and  >65,morbidity,children and old,0,dummy for day t of air quality alert - pre-reform,daily,964033,dummy for day t of air quality alert,1,1,0,NA,NA,NA,NA,-0.00677,0.00657,NA,NA,table 3 - column 6,NA,0
aguilar-gomez et al. (2020),7,https://sandraaguilargomez.files.wordpress.com/2020/11/aguilargomez_jmp_final-7.pdf,working paper,2020,economics,"mexico city, mexico",event-study combined with instrument variable,er vistits - respiratory,morbidity,all,0,dummy for day t of air quality alert - post-reform,daily,268487,dummy for day t of air quality alert,1,1,0,NA,NA,NA,NA,-0.0241,0.0067,NA,NA,table 4 - column 1,NA,0
aguilar-gomez et al. (2020),8,https://sandraaguilargomez.files.wordpress.com/2020/11/aguilargomez_jmp_final-7.pdf,working paper,2020,economics,"mexico city, mexico",event-study combined with instrument variable,er vistits - respiratory ages < 5 and  >65,morbidity,children and old,0,dummy for day t of air quality alert - post-reform,daily,268487,dummy for day t of air quality alert,1,1,0,NA,NA,NA,NA,-0.0238,0.0066,NA,NA,table 4 - column 2,NA,0
aguilar-gomez et al. (2020),9,https://sandraaguilargomez.files.wordpress.com/2020/11/aguilargomez_jmp_final-7.pdf,working paper,2020,economics,"mexico city, mexico",event-study combined with instrument variable,er vistits - asthma,morbidity,all,0,dummy for day t of air quality alert - post-reform,daily,268487,dummy for day t of air quality alert,1,1,0,NA,NA,NA,NA,-0.0544,0.0102,NA,NA,table 4 - column 3,NA,0
aguilar-gomez et al. (2020),10,https://sandraaguilargomez.files.wordpress.com/2020/11/aguilargomez_jmp_final-7.pdf,working paper,2020,economics,"mexico city, mexico",event-study combined with instrument variable,er vistits - asthma ages < 5 and  >65,morbidity,children and old,0,dummy for day t of air quality alert - post-reform,daily,268487,dummy for day t of air quality alert,1,1,0,NA,NA,NA,NA,-0.033,0.00895,NA,NA,table 4 - column 4,NA,0
aguilar-gomez et al. (2020),11,https://sandraaguilargomez.files.wordpress.com/2020/11/aguilargomez_jmp_final-7.pdf,working paper,2020,economics,"mexico city, mexico",event-study combined with instrument variable,er vistits - cvd,morbidity,all,0,dummy for day t of air quality alert - post-reform,daily,268487,dummy for day t of air quality alert,1,1,0,NA,NA,NA,NA,0.00173,0.01,NA,NA,table 4 - column 5,NA,0
aguilar-gomez et al. (2020),12,https://sandraaguilargomez.files.wordpress.com/2020/11/aguilargomez_jmp_final-7.pdf,working paper,2020,economics,"mexico city, mexico",event-study combined with instrument variable,er vistits - cvd ages < 5 and  >65,morbidity,children and old,0,dummy for day t of air quality alert - post-reform,daily,268487,dummy for day t of air quality alert,1,1,0,NA,NA,NA,NA,-0.00889,0.0101,NA,NA,table 4 - column 6,NA,0
anderson et al. (2022),13,https://www.nber.org/papers/w29637,working paper,2022,economics,south korea,reduced-form,respiratory disease expenditures - age 0-19,morbidity,children and young,0,indicator for the air pollution indiciator being above the rd threshold,daily,2530,indicator for the air pollution indiciator being above the rd threshold,1,0,0,50.1,24.9,NA,NA,-9.412,2.326,NA,table 1,table 4 - column 1,NA,0
anderson et al. (2022),14,https://www.nber.org/papers/w29638,working paper,2022,economics,south korea,reduced-form,respiratory disease expenditures - age 20-64,morbidity,age 20-64,0,indicator for the air pollution indiciator being above the rd threshold,daily,2530,indicator for the air pollution indiciator being above the rd threshold,1,0,0,23.3,14.8,NA,NA,-2.346,1.391,NA,table 1,table 4 - column 2,NA,0
anderson et al. (2022),15,https://www.nber.org/papers/w29639,working paper,2022,economics,south korea,reduced-form,respiratory disease expenditures - age 65+,morbidity,old,0,indicator for the air pollution indiciator being above the rd threshold,daily,2530,indicator for the air pollution indiciator being above the rd threshold,1,0,0,15.2,8.3,NA,NA,-2.661,1.674,NA,table 1,table 4 - column 3,NA,0
anderson et al. (2022),16,https://www.nber.org/papers/w29640,working paper,2022,economics,south korea,reduced-form,respiratory disease expenditures - age all,morbidity,all,0,indicator for the air pollution indiciator being above the rd threshold,daily,2530,indicator for the air pollution indiciator being above the rd threshold,1,0,0,NA,NA,NA,NA,-3.624,1.437,NA,table 1,table 4 - column 4,NA,0
anderson et al. (2022),17,https://www.nber.org/papers/w29641,working paper,2022,economics,south korea,instrumental variable,respiratory disease expenditures - age 0-19,morbidity,children and young,0,indicator for the air pollution indiciator being above the rd threshold,daily,2530,advisory indicator,1,0,0,50.1,24.9,NA,NA,-15.03,4.709,NA,table 1,table 4 - column 1,NA,0
anderson et al. (2022),18,https://www.nber.org/papers/w29642,working paper,2022,economics,south korea,instrumental variable,respiratory disease expenditures - age 20-64,morbidity,age 20-64,0,indicator for the air pollution indiciator being above the rd threshold,daily,2530,advisory indicator,1,0,0,23.3,14.8,NA,NA,-3.777,2.195,NA,table 1,table 4 - column 2,NA,0
anderson et al. (2022),19,https://www.nber.org/papers/w29643,working paper,2022,economics,south korea,instrumental variable,respiratory disease expenditures - age 65+,morbidity,old,0,indicator for the air pollution indiciator being above the rd threshold,daily,2530,advisory indicator,1,0,0,15.2,8.3,NA,NA,-4.303,2.753,NA,table 1,table 4 - column 3,NA,0
anderson et al. (2022),20,https://www.nber.org/papers/w29644,working paper,2022,economics,south korea,instrumental variable,respiratory disease expenditures - age all,morbidity,all,0,indicator for the air pollution indiciator being above the rd threshold,daily,2530,advisory indicator,1,0,0,NA,NA,NA,NA,-5.829,2.397,NA,table 1,table 4 - column 4,NA,0
anderson et al. (2022),21,https://www.nber.org/papers/w29645,working paper,2022,economics,south korea,reduced-form,cardiovascular disease expenditures - age 0-19,morbidity,children and young,0,indicator for the air pollution indiciator being above the rd threshold,daily,2530,indicator for the air pollution indiciator being above the rd threshold,1,0,0,0.1,3.1,NA,NA,-0.025,0.021,NA,table 1,table 5 - column 1,NA,0
anderson et al. (2022),22,https://www.nber.org/papers/w29646,working paper,2022,economics,south korea,reduced-form,cardiovascular disease expenditures - age 20-64,morbidity,age 20-64,0,indicator for the air pollution indiciator being above the rd threshold,daily,2530,indicator for the air pollution indiciator being above the rd threshold,1,0,0,12,7.4,NA,NA,-1.757,0.513,NA,table 1,table 5 - column 2,NA,0
anderson et al. (2022),23,https://www.nber.org/papers/w29647,working paper,2022,economics,south korea,reduced-form,cardiovascular disease expenditures - age 65+,morbidity,old,0,indicator for the air pollution indiciator being above the rd threshold,daily,2530,indicator for the air pollution indiciator being above the rd threshold,1,0,0,64.3,42.1,NA,NA,-5.962,2.07,NA,table 1,table 5 - column 3,NA,0
anderson et al. (2022),24,https://www.nber.org/papers/w29648,working paper,2022,economics,south korea,reduced-form,cardiovascular disease expenditures - age all,morbidity,all,0,indicator for the air pollution indiciator being above the rd threshold,daily,2530,indicator for the air pollution indiciator being above the rd threshold,1,0,0,NA,NA,NA,NA,-2.026,0.573,NA,table 1,table 5 - column 4,NA,0
anderson et al. (2022),25,https://www.nber.org/papers/w29649,working paper,2022,economics,south korea,instrumental variable,cardiovascular disease expenditures - age 0-19,morbidity,children and young,0,indicator for the air pollution indiciator being above the rd threshold,daily,2530,advisory indicator,1,0,0,0.1,3.1,NA,NA,-0.04,0.032,NA,table 1,table 5 - column 1,NA,0
anderson et al. (2022),26,https://www.nber.org/papers/w29650,working paper,2022,economics,south korea,instrumental variable,cardiovascular disease expenditures - age 20-64,morbidity,age 20-64,0,indicator for the air pollution indiciator being above the rd threshold,daily,2530,advisory indicator,1,0,0,12,7.4,NA,NA,-2.828,0.976,NA,table 1,table 5 - column 2,NA,0
anderson et al. (2022),27,https://www.nber.org/papers/w29651,working paper,2022,economics,south korea,instrumental variable,cardiovascular disease expenditures - age 65+,morbidity,old,0,indicator for the air pollution indiciator being above the rd threshold,daily,2530,advisory indicator,1,0,0,64.3,42.1,NA,NA,-9.641,3.849,NA,table 1,table 5 - column 3,NA,0
anderson et al. (2022),28,https://www.nber.org/papers/w29652,working paper,2022,economics,south korea,instrumental variable,cardiovascular disease expenditures - age all,morbidity,all,0,indicator for the air pollution indiciator being above the rd threshold,daily,2530,advisory indicator,1,0,0,NA,NA,NA,NA,-3.259,1.086,NA,table 1,table 5 - column 4,NA,0
arceo-gomez et al. (2015),29,https://onlinelibrary.wiley.com/doi/abs/10.1111/ecoj.12273,The Economic Journal,2015,economics,"mexico city, mexico",conventional time series,infant mortality,mortality,infant,0,pm10,weekly,18017,1 µg/m³ increase in pm10,0,0,0,38.21,56.93,43.37,23.85,0.0649,0.0234,NA,table 1,table 3 - column 2,NA,1
arceo-gomez et al. (2015),30,https://onlinelibrary.wiley.com/doi/abs/10.1111/ecoj.12273,The Economic Journal,2015,economics,"mexico city, mexico",conventional time series,infant mortality,mortality,infant,0,co,weekly,18017,1 ppb increase in co,0,0,0,38.21,56.93,2707.56,797.7,0.0014,7e-4,NA,table 1,table 3 - column 2,NA,1
arceo-gomez et al. (2015),31,https://onlinelibrary.wiley.com/doi/abs/10.1111/ecoj.12273,The Economic Journal,2015,economics,"mexico city, mexico",conventional time series,neonatal mortality,mortality,infant,0,pm10,weekly,18017,1 µg/m³ increase in pm10,0,0,0,295.83,520.49,43.37,23.85,0.3595,0.2063,NA,table 1,table 3 - column 1,NA,1
arceo-gomez et al. (2015),32,https://onlinelibrary.wiley.com/doi/abs/10.1111/ecoj.12273,The Economic Journal,2015,economics,"mexico city, mexico",conventional time series,neonatal mortality,mortality,infant,0,co,weekly,18017,1 ppb increase in co,0,0,0,295.83,520.49,2707.56,797.7,0.004,0.006,NA,table 1,table 3 - column 1,NA,1
arceo-gomez et al. (2015),33,https://onlinelibrary.wiley.com/doi/abs/10.1111/ecoj.12273,The Economic Journal,2015,economics,"mexico city, mexico",instrumental variable,infant mortality,mortality,infant,0,pm10,weekly,18017,1 µg/m³ increase in pm10,0,0,0,38.21,56.93,43.37,23.85,0.2313,0.0821,NA,table 1,table 3 - column 4,NA,1
arceo-gomez et al. (2015),34,https://onlinelibrary.wiley.com/doi/abs/10.1111/ecoj.12273,The Economic Journal,2015,economics,"mexico city, mexico",instrumental variable,infant mortality,mortality,infant,0,co,weekly,18017,1 ppb increase in co,0,0,0,38.21,56.93,2707.56,797.7,0.0046,0.0016,NA,table 1,table 3 - column 4,NA,1
arceo-gomez et al. (2015),35,https://onlinelibrary.wiley.com/doi/abs/10.1111/ecoj.12273,The Economic Journal,2015,economics,"mexico city, mexico",instrumental variable,neonatal mortality,mortality,infant,0,pm10,weekly,18017,1 µg/m³ increase in pm10,0,0,0,295.83,520.49,43.37,23.85,0.641,0.0821,NA,table 1,table 3 - column 3,NA,1
arceo-gomez et al. (2015),36,https://onlinelibrary.wiley.com/doi/abs/10.1111/ecoj.12273,The Economic Journal,2015,economics,"mexico city, mexico",instrumental variable,neonatal mortality,mortality,infant,0,co,weekly,18017,1 ppb increase in co,0,0,0,295.83,520.49,2707.56,797.7,0.0135,0.0016,NA,table 1,table 3 - column 3,NA,1
arceo-gomez et al. (2015),37,https://onlinelibrary.wiley.com/doi/abs/10.1111/ecoj.12273,The Economic Journal,2015,economics,"mexico city, mexico",instrumental variable,neonatal mortality - external causes,mortality,infant,0,pm10,weekly,18017,1 µg/m³ increase in pm10,0,0,0,3.27,49.09,43.37,23.85,-0.0283,0.0541,NA,table 1,table 4 - column 1,NA,1
arceo-gomez et al. (2015),38,https://onlinelibrary.wiley.com/doi/abs/10.1111/ecoj.12273,The Economic Journal,2015,economics,"mexico city, mexico",instrumental variable,neonatal mortality - external causes,mortality,infant,0,co,weekly,18017,1 ppb increase in co,0,0,0,3.27,49.09,2707.56,797.7,-8e-4,0.0011,NA,table 1,table 4 - column 1,NA,1
arceo-gomez et al. (2015),39,https://onlinelibrary.wiley.com/doi/abs/10.1111/ecoj.12273,The Economic Journal,2015,economics,"mexico city, mexico",instrumental variable,neonatal mortality - internal causes,mortality,infant,0,pm10,weekly,18017,1 µg/m³ increase in pm10,0,0,0,287.73,513.74,43.37,23.85,0.4263,0.4742,NA,table 1,table 4 - column 2,NA,1
arceo-gomez et al. (2015),40,https://onlinelibrary.wiley.com/doi/abs/10.1111/ecoj.12273,The Economic Journal,2015,economics,"mexico city, mexico",instrumental variable,neonatal mortality - internal causes,mortality,infant,0,co,weekly,18017,1 ppb increase in co,0,0,0,287.73,513.74,2707.56,797.7,0.0085,0.0102,NA,table 1,table 4 - column 2,NA,1
arceo-gomez et al. (2015),41,https://onlinelibrary.wiley.com/doi/abs/10.1111/ecoj.12273,The Economic Journal,2015,economics,"mexico city, mexico",instrumental variable,neonatal mortality - non-respiratory causes,mortality,infant,1,pm10,weekly,18017,1 µg/m³ increase in pm10,0,0,0,283.15,507.73,43.37,23.85,-0.0448,0.4521,NA,table 1,table 4 - column 3,NA,1
arceo-gomez et al. (2015),42,https://onlinelibrary.wiley.com/doi/abs/10.1111/ecoj.12273,The Economic Journal,2015,economics,"mexico city, mexico",instrumental variable,neonatal mortality - non-respiratory causes,mortality,infant,1,co,weekly,18017,1 ppb increase in co,0,0,0,283.15,507.73,2707.56,797.7,-0.0016,0.0096,NA,table 1,table 4 - column 3,NA,1
arceo-gomez et al. (2015),43,https://onlinelibrary.wiley.com/doi/abs/10.1111/ecoj.12273,The Economic Journal,2015,economics,"mexico city, mexico",instrumental variable,neonatal mortality - respiratory causes,mortality,infant,0,pm10,weekly,18017,1 µg/m³ increase in pm10,0,0,0,7.85,96.17,43.37,23.85,0.4428,0.0967,NA,table 1,table 4 - column 4,NA,1
arceo-gomez et al. (2015),44,https://onlinelibrary.wiley.com/doi/abs/10.1111/ecoj.12273,The Economic Journal,2015,economics,"mexico city, mexico",instrumental variable,neonatal mortality - respiratory causes,mortality,infant,0,co,weekly,18017,1 ppb increase in co,0,0,0,7.85,96.17,2707.56,797.7,0.0093,0.0021,NA,table 1,table 4 - column 4,NA,1
arceo-gomez et al. (2015),45,https://onlinelibrary.wiley.com/doi/abs/10.1111/ecoj.12273,The Economic Journal,2015,economics,"mexico city, mexico",instrumental variable,infant mortality - external causes,mortality,infant,0,pm10,weekly,18017,1 µg/m³ increase in pm10,0,0,0,1.18,9.61,43.37,23.85,0.0105,0.0088,NA,table 1,table 4 - column 5,NA,1
arceo-gomez et al. (2015),46,https://onlinelibrary.wiley.com/doi/abs/10.1111/ecoj.12273,The Economic Journal,2015,economics,"mexico city, mexico",instrumental variable,infant mortality - external causes,mortality,infant,0,co,weekly,18017,1 ppb increase in co,0,0,0,1.18,9.61,2707.56,797.7,2e-4,2e-4,NA,table 1,table 4 - column 5,NA,1
arceo-gomez et al. (2015),47,https://onlinelibrary.wiley.com/doi/abs/10.1111/ecoj.12273,The Economic Journal,2015,economics,"mexico city, mexico",instrumental variable,infant mortality - internal causes,mortality,infant,0,pm10,weekly,18017,1 µg/m³ increase in pm10,0,0,0,36.52,55.14,43.37,23.85,0.1902,0.0701,NA,table 1,table 4 - column 6,NA,1
arceo-gomez et al. (2015),48,https://onlinelibrary.wiley.com/doi/abs/10.1111/ecoj.12273,The Economic Journal,2015,economics,"mexico city, mexico",instrumental variable,infant mortality - internal causes,mortality,infant,0,co,weekly,18017,1 ppb increase in co,0,0,0,36.52,55.14,2707.56,797.7,0.0037,0.0014,NA,table 1,table 4 - column 6,NA,1
arceo-gomez et al. (2015),49,https://onlinelibrary.wiley.com/doi/abs/10.1111/ecoj.12273,The Economic Journal,2015,economics,"mexico city, mexico",instrumental variable,infant mortality - non-respiratory causes,mortality,infant,1,pm10,weekly,18017,1 µg/m³ increase in pm10,0,0,0,30.79,46.65,43.37,23.85,0.0773,0.0486,NA,table 1,table 4 - column 7,NA,1
arceo-gomez et al. (2015),50,https://onlinelibrary.wiley.com/doi/abs/10.1111/ecoj.12273,The Economic Journal,2015,economics,"mexico city, mexico",instrumental variable,infant mortality - non-respiratory causes,mortality,infant,1,co,weekly,18017,1 ppb increase in co,0,0,0,30.79,46.65,2707.56,797.7,0.0014,0.001,NA,table 1,table 4 - column 7,NA,1
arceo-gomez et al. (2015),51,https://onlinelibrary.wiley.com/doi/abs/10.1111/ecoj.12273,The Economic Journal,2015,economics,"mexico city, mexico",instrumental variable,infant mortality - respiratory causes,mortality,infant,0,pm10,weekly,18017,1 µg/m³ increase in pm10,0,0,0,6.91,29.35,43.37,23.85,0.1235,0.0341,NA,table 1,table 4 - column 8,NA,1
arceo-gomez et al. (2015),52,https://onlinelibrary.wiley.com/doi/abs/10.1111/ecoj.12273,The Economic Journal,2015,economics,"mexico city, mexico",instrumental variable,infant mortality - respiratory causes,mortality,infant,0,co,weekly,18017,1 ppb increase in co,0,0,0,6.91,29.35,2707.56,797.7,0.0025,7e-4,NA,table 1,table 4 - column 8,NA,1
baccini et al. (2017),53,https://ehjournal.biomedcentral.com/articles/10.1186/s12940-017-0215-7,Environmental Health,2017,epidemiology,"milan, italy",propensity score matching,cardiovascular causes mortality - age 15–64,mortality,age 15–64,0,pm10 > 40 µg/m³,daily,1461,dummy for pm10 > 40 µg/m³,1,0,0,NA,NA,NA,NA,-172,119.14894,NA,NA,table 2 - column 1,NA,0
baccini et al. (2017),54,https://ehjournal.biomedcentral.com/articles/10.1186/s12940-017-0215-7,Environmental Health,2017,epidemiology,"milan, italy",propensity score matching,cardiovascular causes mortality - age 65–74,mortality,old,0,pm10 > 40 µg/m³,daily,1461,dummy for pm10 > 40 µg/m³,1,0,0,NA,NA,NA,NA,91,203.64742,NA,NA,table 2 - column 2,NA,0
baccini et al. (2017),55,https://ehjournal.biomedcentral.com/articles/10.1186/s12940-017-0215-7,Environmental Health,2017,epidemiology,"milan, italy",propensity score matching,cardiovascular causes mortality - age 75+,mortality,old,0,pm10 > 40 µg/m³,daily,1461,dummy for pm10 > 40 µg/m³,1,0,0,NA,NA,NA,NA,797,298.48024,NA,NA,table 2 - column 3,NA,0
baccini et al. (2017),56,https://ehjournal.biomedcentral.com/articles/10.1186/s12940-017-0215-7,Environmental Health,2017,epidemiology,"milan, italy",propensity score matching,cardiovascular causes mortality - all ages (15+),mortality,all ages (15+),0,pm10 > 40 µg/m³,daily,1461,dummy for pm10 > 40 µg/m³,1,0,0,NA,NA,NA,NA,716,364.13374,NA,NA,table 2 - column 4,NA,0
baccini et al. (2017),57,https://ehjournal.biomedcentral.com/articles/10.1186/s12940-017-0215-7,Environmental Health,2017,epidemiology,"milan, italy",propensity score matching,respiratory causes mortality - age 15–64,mortality,age 15–64,0,pm10 > 40 µg/m³,daily,1461,dummy for pm10 > 40 µg/m³,1,0,0,NA,NA,NA,NA,-25,65.6535,NA,NA,table 2 - column 1,NA,0
baccini et al. (2017),58,https://ehjournal.biomedcentral.com/articles/10.1186/s12940-017-0215-7,Environmental Health,2017,epidemiology,"milan, italy",propensity score matching,respiratory causes mortality - age 65–74,mortality,old,0,pm10 > 40 µg/m³,daily,1461,dummy for pm10 > 40 µg/m³,1,0,0,NA,NA,NA,NA,87,46.20061,NA,NA,table 2 - column 2,NA,0
baccini et al. (2017),59,https://ehjournal.biomedcentral.com/articles/10.1186/s12940-017-0215-7,Environmental Health,2017,epidemiology,"milan, italy",propensity score matching,respiratory causes mortality - age 75+,mortality,old,0,pm10 > 40 µg/m³,daily,1461,dummy for pm10 > 40 µg/m³,1,0,0,NA,NA,NA,NA,243,161.09422,NA,NA,table 2 - column 3,NA,0
baccini et al. (2017),60,https://ehjournal.biomedcentral.com/articles/10.1186/s12940-017-0215-7,Environmental Health,2017,epidemiology,"milan, italy",propensity score matching,respiratory causes mortality - all ages (15+),mortality,all ages (15+),0,pm10 > 40 µg/m³,daily,1461,dummy for pm10 > 40 µg/m³,1,0,0,NA,NA,NA,NA,305,175.07599,NA,NA,table 2 - column 4,NA,0
baccini et al. (2017),61,https://ehjournal.biomedcentral.com/articles/10.1186/s12940-017-0215-7,Environmental Health,2017,epidemiology,"milan, italy",propensity score matching,other natural causes mortality - age 15–64,mortality,age 15–64,1,pm10 > 40 µg/m³,daily,1461,dummy for pm10 > 40 µg/m³,1,0,0,NA,NA,NA,NA,153,242.55319,NA,NA,table 2 - column 1,NA,0
baccini et al. (2017),62,https://ehjournal.biomedcentral.com/articles/10.1186/s12940-017-0215-7,Environmental Health,2017,epidemiology,"milan, italy",propensity score matching,other natural causes mortality - age 65–74,mortality,old,1,pm10 > 40 µg/m³,daily,1461,dummy for pm10 > 40 µg/m³,1,0,0,NA,NA,NA,NA,-157,148.32827,NA,NA,table 2 - column 2,NA,0
baccini et al. (2017),63,https://ehjournal.biomedcentral.com/articles/10.1186/s12940-017-0215-7,Environmental Health,2017,epidemiology,"milan, italy",propensity score matching,other natural causes mortality - age 75+,mortality,old,1,pm10 > 40 µg/m³,daily,1461,dummy for pm10 > 40 µg/m³,1,0,0,NA,NA,NA,NA,62,289.3617,NA,NA,table 2 - column 3,NA,0
baccini et al. (2017),64,https://ehjournal.biomedcentral.com/articles/10.1186/s12940-017-0215-7,Environmental Health,2017,epidemiology,"milan, italy",propensity score matching,other natural causes mortality - all ages (15+),mortality,all ages (15+),1,pm10 > 40 µg/m³,daily,1461,dummy for pm10 > 40 µg/m³,1,0,0,NA,NA,NA,NA,58,336.77812,NA,NA,table 2 - column 4,NA,0
baccini et al. (2017),65,https://ehjournal.biomedcentral.com/articles/10.1186/s12940-017-0215-7,Environmental Health,2017,epidemiology,"milan, italy",propensity score matching,non-accidental mortality - age 15–64,mortality,age 15–64,0,pm10 > 40 µg/m³,daily,1461,dummy for pm10 > 40 µg/m³,1,0,0,NA,NA,NA,NA,-44,343.46505,NA,NA,table 2 - column 1,NA,0
baccini et al. (2017),66,https://ehjournal.biomedcentral.com/articles/10.1186/s12940-017-0215-7,Environmental Health,2017,epidemiology,"milan, italy",propensity score matching,non-accidental mortality - age 65–74,mortality,old,0,pm10 > 40 µg/m³,daily,1461,dummy for pm10 > 40 µg/m³,1,0,0,NA,NA,NA,NA,21,271.12462,NA,NA,table 2 - column 2,NA,0
baccini et al. (2017),67,https://ehjournal.biomedcentral.com/articles/10.1186/s12940-017-0215-7,Environmental Health,2017,epidemiology,"milan, italy",propensity score matching,non-accidental mortality - age 75+,mortality,old,0,pm10 > 40 µg/m³,daily,1461,dummy for pm10 > 40 µg/m³,1,0,0,NA,NA,NA,NA,1102,434.04255,NA,NA,table 2 - column 3,NA,0
baccini et al. (2017),68,https://ehjournal.biomedcentral.com/articles/10.1186/s12940-017-0215-7,Environmental Health,2017,epidemiology,"milan, italy",propensity score matching,non-accidental mortality - all ages (15+),mortality,all ages (15+),0,pm10 > 40 µg/m³,daily,1461,dummy for pm10 > 40 µg/m³,1,0,0,NA,NA,NA,NA,1079,585.41033,NA,NA,table 2 - column 4,NA,0
barwick et al. (2018),69,https://papers.ssrn.com/sol3/papers.cfm?abstract_id=2999068,working paper,2018,economics,"all cities, china",conventional time series,number of health spending transactions,morbidity,all,0,pm2.5,daily,192586,1 µg/m³ increase in pm2.5,0,0,1,7229.2,21308.6,56.33,46.37,0.11,0.02,NA,table 1,table 2 - column 1,NA,0
barwick et al. (2018),70,https://papers.ssrn.com/sol3/papers.cfm?abstract_id=2999068,working paper,2018,economics,"all cities, china",conventional time series,number of all hospital spending transactions,morbidity,all,0,pm2.5,daily,191814,1 µg/m³ increase in pm2.5,0,0,1,4122.7,14503.9,56.33,46.37,0.11,0.02,NA,table 1,table 2 - column 2,NA,0
barwick et al. (2018),71,https://papers.ssrn.com/sol3/papers.cfm?abstract_id=2999068,working paper,2018,economics,"all cities, china",conventional time series,number of pharmacy spending transactions,morbidity,all,0,pm2.5,daily,191277,1 µg/m³ increase in pm2.5,0,0,1,2245.3,7063.3,56.33,46.37,0.12,0.02,NA,table 1,table 2 - column 3,NA,0
barwick et al. (2018),72,https://papers.ssrn.com/sol3/papers.cfm?abstract_id=2999068,working paper,2018,economics,"all cities, china",conventional time series,number of people's hospitals spending transactions,morbidity,all,0,pm2.5,daily,185773,1 µg/m³ increase in pm2.5,0,0,1,1060.6,2800.4,56.33,46.37,0.13,0.02,NA,table 1,table 2 - column 4,NA,0
barwick et al. (2018),73,https://papers.ssrn.com/sol3/papers.cfm?abstract_id=2999068,working paper,2018,economics,"all cities, china",conventional time series,number of children's hospitals spending transactions,morbidity,children,0,pm2.5,daily,146224,1 µg/m³ increase in pm2.5,0,0,1,464.7,1290.5,56.33,46.37,0.18,0.05,NA,table 1,table 2 - column 5,NA,0
barwick et al. (2018),74,https://papers.ssrn.com/sol3/papers.cfm?abstract_id=2999068,working paper,2018,economics,"all cities, china",instrumental variable,number of health spending transactions,morbidity,all,0,pm2.5,daily,192586,1 µg/m³ increase in pm2.5,0,0,1,7229.2,21308.6,56.33,46.37,0.65,0.09,NA,table 1,table 3 - column 1,NA,0
barwick et al. (2018),75,https://papers.ssrn.com/sol3/papers.cfm?abstract_id=2999068,working paper,2018,economics,"all cities, china",instrumental variable,number of all hospital spending transactions,morbidity,all,0,pm2.5,daily,191814,1 µg/m³ increase in pm2.5,0,0,1,4122.7,14503.9,56.33,46.37,0.73,0.11,NA,table 1,table 3 - column 2,NA,0
barwick et al. (2018),76,https://papers.ssrn.com/sol3/papers.cfm?abstract_id=2999068,working paper,2018,economics,"all cities, china",instrumental variable,number of pharmacy spending transactions,morbidity,all,0,pm2.5,daily,191277,1 µg/m³ increase in pm2.5,0,0,1,2245.3,7063.3,56.33,46.37,0.6,0.15,NA,table 1,table 3 - column 3,NA,0
barwick et al. (2018),77,https://papers.ssrn.com/sol3/papers.cfm?abstract_id=2999068,working paper,2018,economics,"all cities, china",instrumental variable,number of people's hospitals spending transactions,morbidity,all,0,pm2.5,daily,185773,1 µg/m³ increase in pm2.5,0,0,1,1060.6,2800.4,56.33,46.37,0.77,0.13,NA,table 1,table 3 - column 4,NA,0
barwick et al. (2018),78,https://papers.ssrn.com/sol3/papers.cfm?abstract_id=2999068,working paper,2018,economics,"all cities, china",instrumental variable,number of children's hospitals spending transactions,morbidity,children,0,pm2.5,daily,146224,1 µg/m³ increase in pm2.5,0,0,1,464.7,1290.5,56.33,46.37,1.13,0.37,NA,table 1,table 3 - column 5,NA,0
bauernschuster et al. (2017),79,https://www.aeaweb.org/articles?id=10.1257/pol.20150414,AEJ: EP,2017,economics,"5 largest cities, germany",difference in differences,admissions for abnormalities of breathing (age below 5),morbidity,children,0,public transport strikes dummy,daily,11000,public transport strikes dummy,1,0,0,0.22,0.49,NA,NA,0.074,0.018,NA,table a2,table 7 - column 2,NA,0
bauernschuster et al. (2017),80,https://www.aeaweb.org/articles?id=10.1257/pol.20150414,AEJ: EP,2017,economics,"5 largest cities, germany",difference in differences,admissions for abnormalities of breathing- full population,morbidity,all,0,public transport strikes dummy,daily,11000,public transport strikes dummy,1,0,0,1.27,1.23,NA,NA,0.16,0.048,NA,table a2,table 7 - column 1,NA,0
bauernschuster et al. (2017),81,https://www.aeaweb.org/articles?id=10.1257/pol.20150414,AEJ: EP,2017,economics,"5 largest cities, germany",difference in differences,admissions for abnormalities of breathing- ages 65 and above,morbidity,old,0,public transport strikes dummy,daily,11000,public transport strikes dummy,1,0,0,1.27,1.23,NA,NA,0.049,0.096,NA,table a2,table 7 - column 3,NA,0
bauernschuster et al. (2017),82,https://www.aeaweb.org/articles?id=10.1257/pol.20150414,AEJ: EP,2017,economics,"5 largest cities, germany",difference in differences,admissions for respiratory diseases (age below 5),morbidity,children,0,public transport strikes dummy,daily,11000,public transport strikes dummy,1,0,0,7.83,5.77,NA,NA,0.879,0.208,NA,table a2,table 7 - column 2,NA,0
bauernschuster et al. (2017),83,https://www.aeaweb.org/articles?id=10.1257/pol.20150414,AEJ: EP,2017,economics,"5 largest cities, germany",difference in differences,admissions for respiratory diseases - full population,morbidity,all,0,public transport strikes dummy,daily,11000,public transport strikes dummy,1,0,0,61.08,36.03,NA,NA,0.963,1.746,NA,table a2,table 7 - column 1,NA,0
bauernschuster et al. (2017),84,https://www.aeaweb.org/articles?id=10.1257/pol.20150414,AEJ: EP,2017,economics,"5 largest cities, germany",difference in differences,admissions for respiratory diseases - ages 65 and above,morbidity,old,0,public transport strikes dummy,daily,11000,public transport strikes dummy,1,0,0,22.08,15.05,NA,NA,0.145,0.829,NA,table a2,table 7 - column 3,NA,0
chen et al. (2018),85,https://www.thelancet.com/journals/lanplh/article/PIIS2542-5196(17)30185-7/fulltext,The Lancet Planetary Health,2018,epidemiology,"toronto, canada",reduced-form,emergency-department visit - asthma,morbidity,all,0,air quality eligibility,daily,143,air quality eligibility dummy,1,0,0,26,NA,0.29,NA,-2.05,0.994898,NA,table 2,table 2 - column 2,NA,0
chen et al. (2018),86,https://www.thelancet.com/journals/lanplh/article/PIIS2542-5196(17)30185-7/fulltext,The Lancet Planetary Health,2018,epidemiology,"toronto, canada",reduced-form,mortality - any cardiovascular disease,mortality,all,0,air quality eligibility,daily,143,air quality eligibility dummy,1,0,0,12,NA,0.29,NA,0.29,0.2857143,NA,table 2,table 2 - column 2,NA,0
chen et al. (2018),87,https://www.thelancet.com/journals/lanplh/article/PIIS2542-5196(17)30185-7/fulltext,The Lancet Planetary Health,2018,epidemiology,"toronto, canada",reduced-form,mortality - any respiratory disease,mortality,all,0,air quality eligibility,daily,143,air quality eligibility dummy,1,0,0,3,NA,0.29,NA,0.09,0.1683673,NA,table 2,table 2 - column 2,NA,0
chen et al. (2018),88,https://www.thelancet.com/journals/lanplh/article/PIIS2542-5196(17)30185-7/fulltext,The Lancet Planetary Health,2018,epidemiology,"toronto, canada",reduced-form,hospital admission - acute myocardial infarction,morbidity,all,0,air quality eligibility,daily,143,air quality eligibility dummy,1,0,0,10,NA,0.29,NA,0.18,0.2908163,NA,table 2,table 2 - column 2,NA,0
chen et al. (2018),89,https://www.thelancet.com/journals/lanplh/article/PIIS2542-5196(17)30185-7/fulltext,The Lancet Planetary Health,2018,epidemiology,"toronto, canada",reduced-form,hospital admission - congestive heart failure,morbidity,all,0,air quality eligibility,daily,143,air quality eligibility dummy,1,0,0,10,NA,0.29,NA,-0.05,0.3010204,NA,table 2,table 2 - column 2,NA,0
chen et al. (2018),90,https://www.thelancet.com/journals/lanplh/article/PIIS2542-5196(17)30185-7/fulltext,The Lancet Planetary Health,2018,epidemiology,"toronto, canada",reduced-form,hospital admission - stroke,morbidity,all,0,air quality eligibility,daily,143,air quality eligibility dummy,1,0,0,9,NA,0.29,NA,0.15,0.2857143,NA,table 2,table 2 - column 2,NA,0
chen et al. (2018),91,https://www.thelancet.com/journals/lanplh/article/PIIS2542-5196(17)30185-7/fulltext,The Lancet Planetary Health,2018,epidemiology,"toronto, canada",reduced-form,hospital admission - asthma,morbidity,all,0,air quality eligibility,daily,143,air quality eligibility dummy,1,0,0,3,NA,0.29,NA,-0.2,0.2040816,NA,table 2,table 2 - column 2,NA,0
chen et al. (2018),92,https://www.thelancet.com/journals/lanplh/article/PIIS2542-5196(17)30185-7/fulltext,The Lancet Planetary Health,2018,epidemiology,"toronto, canada",reduced-form,hospital admission - chronic obstructive pulmonary disease,morbidity,all,0,air quality eligibility,daily,143,air quality eligibility dummy,1,0,0,8,NA,0.29,NA,-0.47,0.244898,NA,table 2,table 2 - column 2,NA,0
chen et al. (2018),93,https://www.thelancet.com/journals/lanplh/article/PIIS2542-5196(17)30185-7/fulltext,The Lancet Planetary Health,2018,epidemiology,"toronto, canada",reduced-form,emergency-department visit - acute myocardial infarction,morbidity,all,0,air quality eligibility,daily,143,air quality eligibility dummy,1,0,0,5,NA,0.29,NA,0.16,0.1938776,NA,table 2,table 2 - column 2,NA,0
chen et al. (2018),94,https://www.thelancet.com/journals/lanplh/article/PIIS2542-5196(17)30185-7/fulltext,The Lancet Planetary Health,2018,epidemiology,"toronto, canada",reduced-form,emergency-department visit -  congestive heart failure,morbidity,all,0,air quality eligibility,daily,143,air quality eligibility dummy,1,0,0,13,NA,0.29,NA,-0.35,0.3214286,NA,table 2,table 2 - column 2,NA,0
chen et al. (2018),95,https://www.thelancet.com/journals/lanplh/article/PIIS2542-5196(17)30185-7/fulltext,The Lancet Planetary Health,2018,epidemiology,"toronto, canada",reduced-form,emergency-department visit - stroke,morbidity,all,0,air quality eligibility,daily,143,air quality eligibility dummy,1,0,0,9,NA,0.29,NA,-0.14,0.2397959,NA,table 2,table 2 - column 2,NA,0
chen et al. (2018),96,https://www.thelancet.com/journals/lanplh/article/PIIS2542-5196(17)30185-7/fulltext,The Lancet Planetary Health,2018,epidemiology,"toronto, canada",reduced-form,"emergency-department visit - chronic obstructive pulmonary
disease",morbidity,all,0,air quality eligibility,daily,143,air quality eligibility dummy,1,0,0,16,NA,0.29,NA,-0.37,0.4285714,NA,table 2,table 2 - column 2,NA,0
chen et al. (2018),97,https://www.thelancet.com/journals/lanplh/article/PIIS2542-5196(17)30185-7/fulltext,The Lancet Planetary Health,2018,epidemiology,"toronto, canada",fuzzy rdd,emergency-department visit - asthma,morbidity,all,0,air quality altert,daily,143,air quality altert dummy,1,0,0,26,NA,0.43,NA,-4.73,2.132653,NA,table 2,table 2 - column 3,NA,0
chen et al. (2018),98,https://www.thelancet.com/journals/lanplh/article/PIIS2542-5196(17)30185-7/fulltext,The Lancet Planetary Health,2018,epidemiology,"toronto, canada",fuzzy rdd,mortality - any cardiovascular disease,mortality,all,0,air quality altert,daily,143,air quality altert dummy,1,0,0,12,NA,0.43,NA,0.61,0.8469388,NA,table 2,table 2 - column 3,NA,0
chen et al. (2018),99,https://www.thelancet.com/journals/lanplh/article/PIIS2542-5196(17)30185-7/fulltext,The Lancet Planetary Health,2018,epidemiology,"toronto, canada",fuzzy rdd,mortality - any respiratory disease,mortality,all,0,air quality altert,daily,143,air quality altert dummy,1,0,0,3,NA,0.43,NA,0.19,0.5102041,NA,table 2,table 2 - column 3,NA,0
chen et al. (2018),100,https://www.thelancet.com/journals/lanplh/article/PIIS2542-5196(17)30185-7/fulltext,The Lancet Planetary Health,2018,epidemiology,"toronto, canada",fuzzy rdd,hospital admission - acute myocardial infarction,morbidity,all,0,air quality altert,daily,143,air quality altert dummy,1,0,0,10,NA,0.43,NA,0.42,0.744898,NA,table 2,table 2 - column 3,NA,0
chen et al. (2018),101,https://www.thelancet.com/journals/lanplh/article/PIIS2542-5196(17)30185-7/fulltext,The Lancet Planetary Health,2018,epidemiology,"toronto, canada",fuzzy rdd,hospital admission - congestive heart failure,morbidity,all,0,air quality altert,daily,143,air quality altert dummy,1,0,0,10,NA,0.43,NA,-0.13,0.7397959,NA,table 2,table 2 - column 3,NA,0
chen et al. (2018),102,https://www.thelancet.com/journals/lanplh/article/PIIS2542-5196(17)30185-7/fulltext,The Lancet Planetary Health,2018,epidemiology,"toronto, canada",fuzzy rdd,hospital admission - stroke,morbidity,all,0,air quality altert,daily,143,air quality altert dummy,1,0,0,9,NA,0.43,NA,0.36,0.7244898,NA,table 2,table 2 - column 3,NA,0
chen et al. (2018),103,https://www.thelancet.com/journals/lanplh/article/PIIS2542-5196(17)30185-7/fulltext,The Lancet Planetary Health,2018,epidemiology,"toronto, canada",fuzzy rdd,hospital admission - asthma,morbidity,all,0,air quality altert,daily,143,air quality altert dummy,1,0,0,3,NA,0.43,NA,-0.46,0.4081633,NA,table 2,table 2 - column 3,NA,0
chen et al. (2018),104,https://www.thelancet.com/journals/lanplh/article/PIIS2542-5196(17)30185-7/fulltext,The Lancet Planetary Health,2018,epidemiology,"toronto, canada",fuzzy rdd,hospital admission - chronic obstructive pulmonary disease,morbidity,all,0,air quality altert,daily,143,air quality altert dummy,1,0,0,8,NA,0.43,NA,-1.08,0.6479592,NA,table 2,table 2 - column 3,NA,0
chen et al. (2018),105,https://www.thelancet.com/journals/lanplh/article/PIIS2542-5196(17)30185-7/fulltext,The Lancet Planetary Health,2018,epidemiology,"toronto, canada",fuzzy rdd,emergency-department visit - acute myocardial infarction,morbidity,all,0,air quality altert,daily,143,air quality altert dummy,1,0,0,5,NA,0.43,NA,0.38,0.4846939,NA,table 2,table 2 - column 3,NA,0
chen et al. (2018),106,https://www.thelancet.com/journals/lanplh/article/PIIS2542-5196(17)30185-7/fulltext,The Lancet Planetary Health,2018,epidemiology,"toronto, canada",fuzzy rdd,emergency-department visit -  congestive heart failure,morbidity,all,0,air quality altert,daily,143,air quality altert dummy,1,0,0,13,NA,0.43,NA,-0.82,0.7653061,NA,table 2,table 2 - column 3,NA,0
chen et al. (2018),107,https://www.thelancet.com/journals/lanplh/article/PIIS2542-5196(17)30185-7/fulltext,The Lancet Planetary Health,2018,epidemiology,"toronto, canada",fuzzy rdd,emergency-department visit - stroke,morbidity,all,0,air quality altert,daily,143,air quality altert dummy,1,0,0,9,NA,0.43,NA,-0.32,0.6173469,NA,table 2,table 2 - column 3,NA,0
chen et al. (2018),108,https://www.thelancet.com/journals/lanplh/article/PIIS2542-5196(17)30185-7/fulltext,The Lancet Planetary Health,2018,epidemiology,"toronto, canada",fuzzy rdd,"emergency-department visit - chronic obstructive pulmonary
disease",morbidity,all,0,air quality altert,daily,143,air quality altert dummy,1,0,0,16,NA,0.43,NA,-0.84,1.015306,NA,table 2,table 2 - column 3,NA,0
chen et al. (2018),109,https://www.sciencedirect.com/science/article/abs/pii/S0095069617306757,JEEME,2018,economics,"guangzhou city, china",conventional time series,respiratory ilness rate,morbidity,all,0,aqi,daily,3122724,10 units increase in aqi,0,0,0,0.176,0.642,6.727,3.034,0.00126,2.5e-4,NA,table 1,table 2 - column 1,NA,0
chen et al. (2018),110,https://www.sciencedirect.com/science/article/abs/pii/S0095069617306757,JEEME,2018,economics,"guangzhou city, china",instrumental variable,respiratory ilness rate,morbidity,all,0,aqi,daily,3122724,10 units increase in aqi,0,0,0,0.176,0.642,6.727,3.034,0.00582,0.00169,NA,table 1,table 2 - column 2,NA,0
chen et al. (2018),111,https://www.sciencedirect.com/science/article/abs/pii/S0095069617306757,JEEME,2018,economics,"guangzhou city, china",conventional time series,gastrointestinal illness rate,morbidity,all,0,aqi,daily,3122724,10 units increase in aqi,0,0,0,0.015,0.171,6.727,3.034,7e-5,5e-5,NA,table 1,table 2 - column 3,NA,0
chen et al. (2018),112,https://www.sciencedirect.com/science/article/abs/pii/S0095069617306757,JEEME,2018,economics,"guangzhou city, china",instrumental variable,gastrointestinal illness rate,morbidity,all,0,aqi,daily,3122724,10 units increase in aqi,0,0,0,0.015,0.171,6.727,3.034,8e-5,3.1e-4,NA,table 1,table 2 - column 4,NA,0
cheung et al. (2020),113,https://www.sciencedirect.com/science/article/pii/S0095069620300395,JEEME,2020,economics,hong kong,instrumental variable,log of cvr mortality,mortality,all,0,api,monthly,23044,one-unit increase in aqi,0,0,1,2.2,1.59,44.55,10.83,0.0177,0.0059,NA,table 1,table 2 - column 3,NA,0
cheung et al. (2020),114,https://www.sciencedirect.com/science/article/pii/S0095069620300395,JEEME,2020,economics,hong kong,instrumental variable,log of non-cvr mortality,mortality,all,0,api,monthly,23044,one-unit increase in aqi,0,0,1,1.59,1.59,44.55,10.83,0.0086,0.0054,NA,table 1,table 2 - column 6,NA,0
cheung et al. (2020),115,https://www.sciencedirect.com/science/article/pii/S0095069620300395,JEEME,2020,economics,hong kong,instrumental variable,log of cvr mortality of male,mortality,all and male,0,api,monthly,23044,one-unit increase in aqi,0,0,1,NA,NA,44.55,10.83,0.0222,0.0085,NA,table 1,table 3 - column 3,NA,0
cheung et al. (2020),116,https://www.sciencedirect.com/science/article/pii/S0095069620300395,JEEME,2020,economics,hong kong,instrumental variable,log of cvr mortality of female,mortality,all and female,0,api,monthly,23044,one-unit increase in aqi,0,0,1,NA,NA,44.55,10.83,0.0109,0.0058,NA,table 1,table 3 - column 6,NA,0
cheung et al. (2020),117,https://www.sciencedirect.com/science/article/pii/S0095069620300395,JEEME,2020,economics,hong kong,instrumental variable,log of cvr mortality - age 0 to 4,mortality,children,0,api,monthly,23044,one-unit increase in aqi,0,0,1,NA,NA,44.55,10.83,-6e-4,0.0044,NA,table 1,table 4 - column 1,NA,0
cheung et al. (2020),118,https://www.sciencedirect.com/science/article/pii/S0095069620300395,JEEME,2020,economics,hong kong,instrumental variable,log of cvr mortality - age 5 to 9,mortality,children,0,api,monthly,23044,one-unit increase in aqi,0,0,1,NA,NA,44.55,10.83,-4e-4,0.0021,NA,table 1,table 4 - column 1,NA,0
cheung et al. (2020),119,https://www.sciencedirect.com/science/article/pii/S0095069620300395,JEEME,2020,economics,hong kong,instrumental variable,log of cvr mortality - age 10 to 19,mortality,age 10 to 19,0,api,monthly,23044,one-unit increase in aqi,0,0,1,NA,NA,44.55,10.83,-6e-4,0.0039,NA,table 1,table 4 - column 1,NA,0
cheung et al. (2020),120,https://www.sciencedirect.com/science/article/pii/S0095069620300395,JEEME,2020,economics,hong kong,instrumental variable,log of cvr mortality - age 20 to 39,mortality,age 20 to 39,0,api,monthly,23044,one-unit increase in aqi,0,0,1,NA,NA,44.55,10.83,0.0127,0.0105,NA,table 1,table 4 - column 1,NA,0
cheung et al. (2020),121,https://www.sciencedirect.com/science/article/pii/S0095069620300395,JEEME,2020,economics,hong kong,instrumental variable,log of cvr mortality - age 40 to 59,mortality,age 40 to 59,0,api,monthly,23044,one-unit increase in aqi,0,0,1,NA,NA,44.55,10.83,0.0327,0.0232,NA,table 1,table 4 - column 1,NA,0
cheung et al. (2020),122,https://www.sciencedirect.com/science/article/pii/S0095069620300395,JEEME,2020,economics,hong kong,instrumental variable,log of cvr mortality - age 60+,mortality,old,0,api,monthly,23044,one-unit increase in aqi,0,0,1,NA,NA,44.55,10.83,0.0841,0.0355,NA,table 1,table 4 - column 1,NA,0
cheung et al. (2020),123,https://www.sciencedirect.com/science/article/pii/S0095069620300395,JEEME,2020,economics,hong kong,instrumental variable,log of non-cvr mortality - age 0 to 4,mortality,children,0,api,monthly,23044,one-unit increase in aqi,0,0,1,NA,NA,44.55,10.83,-0.0081,0.09,NA,table 1,table 4 - column 2,NA,0
cheung et al. (2020),124,https://www.sciencedirect.com/science/article/pii/S0095069620300395,JEEME,2020,economics,hong kong,instrumental variable,log of non-cvr mortality - age 5 to 9,mortality,children,0,api,monthly,23044,one-unit increase in aqi,0,0,1,NA,NA,44.55,10.83,0.0023,0.0031,NA,table 1,table 4 - column 2,NA,0
cheung et al. (2020),125,https://www.sciencedirect.com/science/article/pii/S0095069620300395,JEEME,2020,economics,hong kong,instrumental variable,log of non-cvr mortality - age 10 to 19,mortality,age 10 to 19,0,api,monthly,23044,one-unit increase in aqi,0,0,1,NA,NA,44.55,10.83,0.0021,0.0094,NA,table 1,table 4 - column 2,NA,0
cheung et al. (2020),126,https://www.sciencedirect.com/science/article/pii/S0095069620300395,JEEME,2020,economics,hong kong,instrumental variable,log of non-cvr mortality - age 20 to 39,mortality,age 20 to 39,0,api,monthly,23044,one-unit increase in aqi,0,0,1,NA,NA,44.55,10.83,-0.0118,0.0191,NA,table 1,table 4 - column 2,NA,0
cheung et al. (2020),127,https://www.sciencedirect.com/science/article/pii/S0095069620300395,JEEME,2020,economics,hong kong,instrumental variable,log of non-cvr mortality - age 40 to 59,mortality,age 40 to 59,0,api,monthly,23044,one-unit increase in aqi,0,0,1,NA,NA,44.55,10.83,0.0459,0.0278,NA,table 1,table 4 - column 2,NA,0
cheung et al. (2020),128,https://www.sciencedirect.com/science/article/pii/S0095069620300395,JEEME,2020,economics,hong kong,instrumental variable,log of non-cvr mortality - age 60+,mortality,old,0,api,monthly,23044,one-unit increase in aqi,0,0,1,NA,NA,44.55,10.83,0.044,0.0367,NA,table 1,table 4 - column 2,NA,0
cheung et al. (2020),129,https://www.sciencedirect.com/science/article/pii/S0095069620300395,JEEME,2020,economics,hong kong,instrumental variable,log of cvr mortality,mortality,all,0,api,daily,661068,one-unit increase in aqi,0,0,1,NA,NA,44.55,10.83,4e-4,1e-4,NA,table 1,table 6 - column 1,NA,0
cheung et al. (2020),130,https://www.sciencedirect.com/science/article/pii/S0095069620300395,JEEME,2020,economics,hong kong,instrumental variable,log of cvr mortality,mortality,all,0,api,weekly,NA,one-unit increase in aqi,0,0,1,NA,NA,44.55,10.83,0.001,5e-4,NA,table 1,table 6 - column 2,NA,0
cheung et al. (2020),131,https://www.sciencedirect.com/science/article/pii/S0095069620300395,JEEME,2020,economics,hong kong,instrumental variable,log of cvr mortality 2000-2002,mortality,all,0,api,monthly,3960,one-unit increase in aqi,0,0,1,NA,NA,44.55,10.83,0.00313,0.0013,NA,table 1,table 7 - colum 1,NA,0
cheung et al. (2020),132,https://www.sciencedirect.com/science/article/pii/S0095069620300395,JEEME,2020,economics,hong kong,instrumental variable,log of non-cvr mortality 2000-2002,mortality,all,1,api,monthly,3960,one-unit increase in aqi,0,0,1,NA,NA,44.55,10.83,-4e-5,8e-4,NA,table 1,table 7 - colum 1,NA,0
cheung et al. (2020),133,https://www.sciencedirect.com/science/article/pii/S0095069620300395,JEEME,2020,economics,hong kong,instrumental variable,log of cvr mortality 2004-2007,mortality,all,0,api,monthly,6310,one-unit increase in aqi,0,0,1,NA,NA,44.55,10.83,0.00144,7.9e-4,NA,table 1,table 7 - colum 2,NA,0
cheung et al. (2020),134,https://www.sciencedirect.com/science/article/pii/S0095069620300395,JEEME,2020,economics,hong kong,instrumental variable,log of non-cvr mortality 2004-2007,mortality,all,1,api,monthly,6310,one-unit increase in aqi,0,0,1,NA,NA,44.55,10.83,9.6e-4,6e-4,NA,table 1,table 7 - colum 2,NA,0
cheung et al. (2020),135,https://www.sciencedirect.com/science/article/pii/S0095069620300395,JEEME,2020,economics,hong kong,instrumental variable,log of cvr mortality 2008-2011,mortality,all,0,api,monthly,6375,one-unit increase in aqi,0,0,1,NA,NA,44.55,10.83,6.7e-4,6e-4,NA,table 1,table 7 - colum 3,NA,0
cheung et al. (2020),136,https://www.sciencedirect.com/science/article/pii/S0095069620300395,JEEME,2020,economics,hong kong,instrumental variable,log of non-cvr mortality 2008-2011,mortality,all,1,api,monthly,6375,one-unit increase in aqi,0,0,1,NA,NA,44.55,10.83,-3.6e-4,4.5e-4,NA,table 1,table 7 - colum 3,NA,0
cheung et al. (2020),137,https://www.sciencedirect.com/science/article/pii/S0095069620300395,JEEME,2020,economics,hong kong,instrumental variable,log of cvr mortality 2012-2015,mortality,all,0,api,monthly,6399,one-unit increase in aqi,0,0,1,NA,NA,44.55,10.83,4.6e-4,3.1e-4,NA,table 1,table 7 - colum 4,NA,0
cheung et al. (2020),138,https://www.sciencedirect.com/science/article/pii/S0095069620300395,JEEME,2020,economics,hong kong,instrumental variable,log of non-cvr mortality 2012-2015,mortality,all,1,api,monthly,6399,one-unit increase in aqi,0,0,1,NA,NA,44.55,10.83,9.1e-4,6.2e-4,NA,table 1,table 7 - colum 4,NA,0
deryugina et al. (2019),139,https://www.aeaweb.org/articles?id=10.1257/aer.20180279,AER,2019,economics,"counties, usa",conventional time series,all causes of mortality (age 65+),mortality,old,0,pm2.5,daily,1980549,1 µg/m³ increase in pm2.5,0,0,0,388.25,247.6,10.48,7.13,0.095,0.021,NA,table 1,table 2 - column 1,NA,0
deryugina et al. (2019),140,https://www.aeaweb.org/articles?id=10.1257/aer.20180280,AER,2019,economics,"counties, usa",conventional time series,all causes of mortality (age 65–69),mortality,old,0,pm2.5,daily,1980549,1 µg/m³ increase in pm2.5,0,0,0,135.37,264.38,10.48,7.13,0.041,0.014,NA,table 1,table 2 - column 2,NA,0
deryugina et al. (2019),141,https://www.aeaweb.org/articles?id=10.1257/aer.20180281,AER,2019,economics,"counties, usa",conventional time series,all causes of mortality (age 70–74),mortality,old,0,pm2.5,daily,1980549,1 µg/m³ increase in pm2.5,0,0,0,201.83,369.19,10.48,7.13,0.029,0.018,NA,table 1,table 2 - column 3,NA,0
deryugina et al. (2019),142,https://www.aeaweb.org/articles?id=10.1257/aer.20180282,AER,2019,economics,"counties, usa",conventional time series,all causes of mortality (age 75–79),mortality,old,0,pm2.5,daily,1980549,1 µg/m³ increase in pm2.5,0,0,0,320.7,487.38,10.48,7.13,0.022,0.022,NA,table 1,table 2 - column 4,NA,0
deryugina et al. (2019),143,https://www.aeaweb.org/articles?id=10.1257/aer.20180283,AER,2019,economics,"counties, usa",conventional time series,all causes of mortality (age 80–84),mortality,old,0,pm2.5,daily,1980549,1 µg/m³ increase in pm2.5,0,0,0,526.38,787.33,10.48,7.13,0.142,0.036,NA,table 1,table 2 - column 5,NA,0
deryugina et al. (2019),144,https://www.aeaweb.org/articles?id=10.1257/aer.20180284,AER,2019,economics,"counties, usa",conventional time series,all causes of mortality (age 85+),mortality,old,0,pm2.5,daily,1980549,1 µg/m³ increase in pm2.5,0,0,0,1168.68,1118.87,10.48,7.13,0.425,0.072,NA,table 1,table 2 - column 6,NA,0
deryugina et al. (2019),145,https://www.aeaweb.org/articles?id=10.1257/aer.20180285,AER,2019,economics,"counties, usa",instrumental variable,all causes of mortality (age 65+),mortality,old,0,pm2.5,daily,1980549,1 µg/m³ increase in pm2.5,0,0,0,388.25,247.6,10.48,7.13,0.685,0.061,NA,table 1,table 2 - column 1,NA,0
deryugina et al. (2019),146,https://www.aeaweb.org/articles?id=10.1257/aer.20180286,AER,2019,economics,"counties, usa",instrumental variable,all causes of mortality (age 65–69),mortality,old,0,pm2.5,daily,1980549,1 µg/m³ increase in pm2.5,0,0,0,135.37,264.38,10.48,7.13,0.267,0.066,NA,table 1,table 2 - column 2,NA,0
deryugina et al. (2019),147,https://www.aeaweb.org/articles?id=10.1257/aer.20180287,AER,2019,economics,"counties, usa",instrumental variable,all causes of mortality (age 70–74),mortality,old,0,pm2.5,daily,1980549,1 µg/m³ increase in pm2.5,0,0,0,201.83,369.19,10.48,7.13,0.329,0.068,NA,table 1,table 2 - column 3,NA,0
deryugina et al. (2019),148,https://www.aeaweb.org/articles?id=10.1257/aer.20180288,AER,2019,economics,"counties, usa",instrumental variable,all causes of mortality (age 75–79),mortality,old,0,pm2.5,daily,1980549,1 µg/m³ increase in pm2.5,0,0,0,320.7,487.38,10.48,7.13,0.348,0.098,NA,table 1,table 2 - column 4,NA,0
deryugina et al. (2019),149,https://www.aeaweb.org/articles?id=10.1257/aer.20180289,AER,2019,economics,"counties, usa",instrumental variable,all causes of mortality (age 80–84),mortality,old,0,pm2.5,daily,1980549,1 µg/m³ increase in pm2.5,0,0,0,526.38,787.33,10.48,7.13,0.877,0.159,NA,table 1,table 2 - column 5,NA,0
deryugina et al. (2019),150,https://www.aeaweb.org/articles?id=10.1257/aer.20180290,AER,2019,economics,"counties, usa",instrumental variable,all causes of mortality (age 85+),mortality,old,0,pm2.5,daily,1980549,1 µg/m³ increase in pm2.5,0,0,0,1168.68,1118.87,10.48,7.13,2.419,0.246,NA,table 1,table 2 - column 6,NA,0
deryugina et al. (2019),151,https://www.aeaweb.org/articles?id=10.1257/aer.20180291,AER,2019,economics,"counties, usa",conventional time series,inpatient admissions rate,morbidity,all,0,pm2.5,daily,1898236,1 µg/m³ increase in pm2.5,0,0,0,3366,1207,10.48,7.13,-0.717,0.157,NA,table 1,table 3 - column 4,NA,0
deryugina et al. (2019),152,https://www.aeaweb.org/articles?id=10.1257/aer.20180292,AER,2019,economics,"counties, usa",conventional time series,inpatient er admissions rate,morbidity,all,0,pm2.5,daily,1898236,1 µg/m³ increase in pm2.5,0,0,0,1749,707,10.48,7.13,0.091,0.081,NA,table 1,table 3 - column 5,NA,0
deryugina et al. (2019),153,https://www.aeaweb.org/articles?id=10.1257/aer.20180293,AER,2019,economics,"counties, usa",conventional time series,inpatient + outpatient er rate,morbidity,all,0,pm2.5,daily,1898236,1 µg/m³ increase in pm2.5,0,0,0,3984,1206,10.48,7.13,0.329,0.112,NA,table 1,table 3 - column 6,NA,0
deryugina et al. (2019),154,https://www.aeaweb.org/articles?id=10.1257/aer.20180294,AER,2019,economics,"counties, usa",conventional time series,non-er admissions rate,morbidity,all,0,pm2.5,daily,1898236,1 µg/m³ increase in pm2.5,0,0,0,1617,NA,10.48,7.13,-0.809,0.124,NA,table 1,table 3 - column 7,NA,0
deryugina et al. (2019),155,https://www.aeaweb.org/articles?id=10.1257/aer.20180295,AER,2019,economics,"counties, usa",instrumental variable,inpatient admissions rate,morbidity,all,0,pm2.5,daily,1898236,1 µg/m³ increase in pm2.5,0,0,0,3366,1207,10.48,7.13,2.207,0.671,NA,table 1,table 3 - column 4,NA,0
deryugina et al. (2019),156,https://www.aeaweb.org/articles?id=10.1257/aer.20180296,AER,2019,economics,"counties, usa",instrumental variable,inpatient er admissions rate,morbidity,all,0,pm2.5,daily,1898236,1 µg/m³ increase in pm2.5,0,0,0,1749,707,10.48,7.13,2.06,0.317,NA,table 1,table 3 - column 5,NA,0
deryugina et al. (2019),157,https://www.aeaweb.org/articles?id=10.1257/aer.20180297,AER,2019,economics,"counties, usa",instrumental variable,inpatient + outpatient er rate,morbidity,all,0,pm2.5,daily,1898236,1 µg/m³ increase in pm2.5,0,0,0,3984,1206,10.48,7.13,2.693,0.444,NA,table 1,table 3 - column 6,NA,0
deryugina et al. (2019),158,https://www.aeaweb.org/articles?id=10.1257/aer.20180298,AER,2019,economics,"counties, usa",instrumental variable,non-er admissions rate,morbidity,all,0,pm2.5,daily,1898236,1 µg/m³ increase in pm2.5,0,0,0,1617,NA,10.48,7.13,0.148,0.441,NA,table 1,table 3 - column 7,NA,0
ebenstein et al. (2015),159,https://www.ima.org.il/MedicineIMAJ/viewarticle.aspx?year=2015&month=10&page=628,Israel Medical Association Journal,2015,epidemiology,"2 cities, israel",conventional time series,hospital admissions due to lung illnesses,morbidity,all,0,pm10,daily,2011,1 µg/m³ increase in pm10,0,0,0,3.87,2.667,55.575,64.107,0.004,0.001,NA,table 1,table 3 - column 2,NA,0
ebenstein et al. (2015),160,https://www.ima.org.il/MedicineIMAJ/viewarticle.aspx?year=2015&month=10&page=628,Israel Medical Association Journal,2015,epidemiology,"2 cities, israel",instrumental variable,hospital admissions due to lung illnesses,morbidity,all,0,pm10,daily,2011,1 µg/m³ increase in pm10,0,0,0,3.87,2.667,55.575,64.107,0.004,0.002,NA,table 1,table 3 - column 3,NA,0
ebenstein et al. (2015),161,https://www.ima.org.il/MedicineIMAJ/viewarticle.aspx?year=2015&month=10&page=628,Israel Medical Association Journal,2015,epidemiology,"2 cities, israel",instrumental variable,hospital admissions due to copd,morbidity,all,0,pm10,daily,2011,1 µg/m³ increase in pm10,0,0,0,1.049,1.085,55.575,64.107,0.002,8e-4,NA,table 1,table 4 - column 1,NA,0
ebenstein et al. (2015),162,https://www.ima.org.il/MedicineIMAJ/viewarticle.aspx?year=2015&month=10&page=628,Israel Medical Association Journal,2015,epidemiology,"2 cities, israel",instrumental variable,hospital admissions due to asthma,morbidity,all,0,pm10,daily,2011,1 µg/m³ increase in pm10,0,0,0,0.86,0.981,55.575,64.107,7e-4,7e-4,NA,table 1,table 4 - column 2,NA,0
ebenstein et al. (2015),163,https://www.ima.org.il/MedicineIMAJ/viewarticle.aspx?year=2015&month=10&page=628,Israel Medical Association Journal,2015,epidemiology,"2 cities, israel",instrumental variable,hospital admissions due to respiratory abnormalities,morbidity,all,0,pm10,daily,2011,1 µg/m³ increase in pm10,0,0,0,1.961,1.915,55.575,64.107,0.001,0.001,NA,table 1,table 4 - column 3,NA,0
ebenstein et al. (2015),164,https://www.ima.org.il/MedicineIMAJ/viewarticle.aspx?year=2015&month=10&page=628,Israel Medical Association Journal,2015,epidemiology,"2 cities, israel",instrumental variable,hospital admissions due to abdominal pain,morbidity,all,1,pm10,daily,2011,1 µg/m³ increase in pm10,0,0,0,NA,NA,55.575,64.107,0.002,0.002,NA,table 1,table 4 - column 4,NA,0
fan i et al. (2020),165,https://www.sciencedirect.com/science/article/abs/pii/S0167629619311257,Journal of Health Economics,2020,economics,"13 provinces,china",rdd,all causes age-adjusted mortality per 100k,mortality,all,0,heating on,weekly,3647,heating dummy,1,0,1,10.98,3.82,NA,NA,0.138,0.035,NA,table 1,table 2 - column 3,NA,0
fan i et al. (2020),166,https://www.sciencedirect.com/science/article/abs/pii/S0167629619311257,Journal of Health Economics,2020,economics,"13 provinces,china",rdd,cvr causes age-adjusted mortality per 100k,mortality,all,0,heating on,weekly,3647,heating dummy,1,0,1,7.92,3.07,NA,NA,0.154,0.038,NA,table 1,table 2 - column 3,NA,0
fan i et al. (2020),167,https://www.sciencedirect.com/science/article/abs/pii/S0167629619311257,Journal of Health Economics,2020,economics,"13 provinces,china",rdd,non-cvr causes age-adjusted mortality per 100k,mortality,all,1,heating on,weekly,3647,heating dummy,1,0,1,3.05,1.43,NA,NA,0.076,0.046,NA,table 1,table 2 - column 3,NA,0
fan i et al. (2020),168,https://www.sciencedirect.com/science/article/abs/pii/S0167629619311257,Journal of Health Economics,2020,economics,"13 provinces,china",fuzzy rdd,all causes age-adjusted mortality per 100k,mortality,all,0,aqi,weekly,3647,1 point increase in aqi,0,0,1,10.98,3.82,109.24,45.44,0.0022,7e-4,NA,table 1,table 3 - column 3,NA,0
fan i et al. (2020),169,https://www.sciencedirect.com/science/article/abs/pii/S0167629619311257,Journal of Health Economics,2020,economics,"13 provinces,china",fuzzy rdd,cvr causes age-adjusted mortality per 100k,mortality,all,0,aqi,weekly,3647,1 point increase in aqi,0,0,1,7.92,3.07,109.24,45.44,0.0027,8e-4,NA,table 1,table 3 - column 3,NA,0
fan i et al. (2020),170,https://www.sciencedirect.com/science/article/abs/pii/S0167629619311257,Journal of Health Economics,2020,economics,"13 provinces,china",fuzzy rdd,non-cvr causes age-adjusted mortality per 100k,mortality,all,1,aqi,weekly,3647,1 point increase in aqi,0,0,1,3.05,1.43,109.24,45.44,0.001,9e-4,NA,table 1,table 4 - column 3,NA,0
fan i et al. (2020),171,https://www.sciencedirect.com/science/article/abs/pii/S0167629619311257,Journal of Health Economics,2020,economics,"13 provinces,china",conventional time series,all causes age-adjusted mortality per 100k,mortality,all,0,aqi,weekly,3647,1 point increase in aqi,0,0,1,10.98,3.82,109.24,45.44,6e-4,1e-4,NA,table 1,table 4 - column 3,NA,0
fan i et al. (2020),172,https://www.sciencedirect.com/science/article/abs/pii/S0167629619311257,Journal of Health Economics,2020,economics,"13 provinces,china",conventional time series,cvr causes age-adjusted mortality per 100k,mortality,all,0,aqi,weekly,3647,1 point increase in aqi,0,0,1,7.92,3.07,109.24,45.44,8e-4,1e-4,NA,table 1,table 4 - column 3,NA,0
fan i et al. (2020),173,https://www.sciencedirect.com/science/article/abs/pii/S0167629619311257,Journal of Health Economics,2020,economics,"13 provinces,china",conventional time series,non-cvr causes age-adjusted mortality per 100k,mortality,all,1,aqi,weekly,3647,1 point increase in aqi,0,0,1,3.05,1.43,109.24,45.44,0,2e-4,NA,table 1,table 4 - column 3,NA,0
fan i et al. (2020),174,https://www.sciencedirect.com/science/article/abs/pii/S0167629619311257,Journal of Health Economics,2020,economics,"13 provinces,china",rdd,all causes age-adjusted mortality per 100k - old people (> = 60),mortality,old,0,heating on,weekly,3647,heating dummy,1,0,1,NA,NA,NA,NA,0.158,0.038,NA,table 1,table 7 - column 2,NA,0
fan i et al. (2020),175,https://www.sciencedirect.com/science/article/abs/pii/S0167629619311257,Journal of Health Economics,2020,economics,"13 provinces,china",rdd,all causes age-adjusted mortality per 100k - young people (<60),mortality,age < 60,0,heating on,weekly,3647,heating dummy,1,0,1,NA,NA,NA,NA,0.063,0.041,NA,table 1,table 7 - column 2,NA,0
fan i et al. (2020),176,https://www.sciencedirect.com/science/article/abs/pii/S0167629619311257,Journal of Health Economics,2020,economics,"13 provinces,china",fuzzy rdd,all causes age-adjusted mortality per 100k - old people (> = 60),mortality,old,0,aqi,weekly,3647,1 point increase in aqi,0,0,1,NA,NA,109.24,45.44,0.025,0.007,NA,table 1,table 7 - column 4,NA,0
fan i et al. (2020),177,https://www.sciencedirect.com/science/article/abs/pii/S0167629619311257,Journal of Health Economics,2020,economics,"13 provinces,china",fuzzy rdd,all causes age-adjusted mortality per 100k - young people (<60),mortality,age < 60,0,aqi,weekly,3647,1 point increase in aqi,0,0,1,NA,NA,109.24,45.44,0.013,0.008,NA,table 1,table 7 - column 4,NA,0
fan ii et al. (2020),178,"https://ehjournal.biomedcentral.com/articles/10.1186/s12940-020-00573-2#:~:text=Using%20the%20IV%20method%2C%20we,people%20older%20than%2065%20years.",Environmental Health,2020,epidemiology,"5 power plants, usa",instrumental variable,"monthly mortality rate per 100, 000 people",mortality,all,0,pm2.5,monthly,8274,1 µg/m³ reduction in pm2.5,0,0,0,423,68.99,12.04,3.782,7.17,1.877551,NA,table 2,table 3 - colum 6,NA,0
fan ii et al. (2020),179,"https://ehjournal.biomedcentral.com/articles/10.1186/s12940-020-00573-2#:~:text=Using%20the%20IV%20method%2C%20we,people%20older%20than%2065%20years.",Environmental Health,2020,epidemiology,"5 power plants, usa",instrumental variable,"monthly mortality rate per 100, 000 people - age 65–75",mortality,old,0,pm2.5,monthly,8274,1 µg/m³ reduction in pm2.5,0,0,0,193.9,54.82,12.04,3.782,-0.04,1.045918,NA,table 2,table 5 - colum 3,NA,0
fan ii et al. (2020),180,"https://ehjournal.biomedcentral.com/articles/10.1186/s12940-020-00573-2#:~:text=Using%20the%20IV%20method%2C%20we,people%20older%20than%2065%20years.",Environmental Health,2020,epidemiology,"5 power plants, usa",instrumental variable,"monthly mortality rate per 100, 000 people - age 75+",mortality,old,0,pm2.5,monthly,8274,1 µg/m³ reduction in pm2.5,0,0,0,694.3,118.5,12.04,3.782,15.4,3.260204,NA,table 2,table 5 - colum 3,NA,0
fan ii et al. (2020),181,"https://ehjournal.biomedcentral.com/articles/10.1186/s12940-020-00573-2#:~:text=Using%20the%20IV%20method%2C%20we,people%20older%20than%2065%20years.",Environmental Health,2020,epidemiology,"5 power plants, usa",difference in differences,"monthly mortality rate per 100, 000 people",mortality,all,0,power plant retirement,monthly,8274,did interaction,1,0,0,423,68.99,NA,NA,-15.31,3.311224,NA,table 2,table 6 - column 3,NA,0
fan ii et al. (2020),182,"https://ehjournal.biomedcentral.com/articles/10.1186/s12940-020-00573-2#:~:text=Using%20the%20IV%20method%2C%20we,people%20older%20than%2065%20years.",Environmental Health,2020,epidemiology,"5 power plants, usa",difference in differences,"monthly mortality rate per 100, 000 people - age 65–75",mortality,old,0,power plant retirement,monthly,8274,did interaction,1,0,0,193.9,54.82,NA,NA,0.09,2.433673,NA,table 2,table 6 - column 3,NA,0
fan ii et al. (2020),183,"https://ehjournal.biomedcentral.com/articles/10.1186/s12940-020-00573-2#:~:text=Using%20the%20IV%20method%2C%20we,people%20older%20than%2065%20years.",Environmental Health,2020,epidemiology,"5 power plants, usa",difference in differences,"monthly mortality rate per 100, 000 people - age 75+",mortality,old,0,power plant retirement,monthly,8274,did interaction,1,0,0,694.3,118.5,NA,NA,-32.85,5.260204,NA,table 2,table 6 - column 3,NA,0
forastiere et al. (2020),184,https://ehjournal.biomedcentral.com/articles/10.1186/s12940-020-00599-6,Environmental Health,2020,epidemiology,"milan, italy",generalized propensity score - ad(20),natural deaths,mortality,all,0,pm10,daily,1461,"deaths attributable to daily exposure levels above 20 μg/m3, setting the counterfactual exactly to 20 μg/m3.",1,0,0,28,7,52.5,32.9,1.736482,0.465185,NA,table 1,table 3 - column 1,we divided the estimates and standard errors by 1461 (number of days in the study) to get the differences in health outcomes at the daily level and not over the entire period.,0
forastiere et al. (2020),185,https://ehjournal.biomedcentral.com/articles/10.1186/s12940-020-00599-7,Environmental Health,2020,epidemiology,"milan, italy",generalized propensity score - ad(20),respiratory deaths,mortality,all,0,pm10,daily,1461,"deaths attributable to daily exposure levels above 20 μg/m3, setting the counterfactual exactly to 20 μg/m3.",1,0,0,2.5,1.7,52.5,32.9,0.394935,0.134396,NA,table 1,table 3 - column 2,we divided the estimates and standard errors by 1461 (number of days in the study) to get the differences in health outcomes at the daily level and not over the entire period.,0
forastiere et al. (2020),186,https://ehjournal.biomedcentral.com/articles/10.1186/s12940-020-00599-8,Environmental Health,2020,epidemiology,"milan, italy",generalized propensity score - ad(20),cardiovascular deaths,mortality,all,0,pm10,daily,1461,"deaths attributable to daily exposure levels above 20 μg/m3, setting the counterfactual exactly to 20 μg/m3.",1,0,0,10.3,3.9,52.5,32.9,0.6844627,0.2030503,NA,table 1,table 3 - column 3,we divided the estimates and standard errors by 1461 (number of days in the study) to get the differences in health outcomes at the daily level and not over the entire period.,0
forastiere et al. (2020),187,https://ehjournal.biomedcentral.com/articles/10.1186/s12940-020-00599-9,Environmental Health,2020,epidemiology,"milan, italy",generalized propensity score - ad(40),natural deaths,mortality,all,0,pm10,daily,1461,"deaths attributable to daily exposure levels above 40 μg/m3, setting the counterfactual exactly to 40 μg/m3",1,0,0,28,7,52.5,32.9,0.7919233,0.2030503,NA,table 1,table 3 - column 1,we divided the estimates and standard errors by 1461 (number of days in the study) to get the differences in health outcomes at the daily level and not over the entire period.,0
forastiere et al. (2020),188,https://ehjournal.biomedcentral.com/articles/10.1186/s12940-020-00599-10,Environmental Health,2020,epidemiology,"milan, italy",generalized propensity score - ad(40),respiratory deaths,mortality,all,0,pm10,daily,1461,"deaths attributable to daily exposure levels above 40 μg/m3, setting the counterfactual exactly to 40 μg/m3",1,0,0,2.5,1.7,52.5,32.9,0.2135524,0.0441052,NA,table 1,table 3 - column 2,we divided the estimates and standard errors by 1461 (number of days in the study) to get the differences in health outcomes at the daily level and not over the entire period.,0
forastiere et al. (2020),189,https://ehjournal.biomedcentral.com/articles/10.1186/s12940-020-00599-11,Environmental Health,2020,epidemiology,"milan, italy",generalized propensity score - ad(40),cardiovascular deaths,mortality,all,0,pm10,daily,1461,"deaths attributable to daily exposure levels above 40 μg/m3, setting the counterfactual exactly to 40 μg/m3",1,0,0,10.3,3.9,52.5,32.9,0.5277207,0.07905647,NA,table 1,table 3 - column 3,we divided the estimates and standard errors by 1461 (number of days in the study) to get the differences in health outcomes at the daily level and not over the entire period.,0
forastiere et al. (2020),190,https://ehjournal.biomedcentral.com/articles/10.1186/s12940-020-00599-12,Environmental Health,2020,epidemiology,"milan, italy",generalized propensity score - dad(40),natural deaths,mortality,all,0,pm10,daily,1461,"deaths attributable to daily exposure levels above 40 μg/m3, sampling the counterfactuals from the exposure distribution below 40 μg/m3",1,0,0,28,7,52.5,32.9,1.271047,0.1564486,NA,table 1,table 3 - column 1,we divided the estimates and standard errors by 1461 (number of days in the study) to get the differences in health outcomes at the daily level and not over the entire period.,0
forastiere et al. (2020),191,https://ehjournal.biomedcentral.com/articles/10.1186/s12940-020-00599-13,Environmental Health,2020,epidemiology,"milan, italy",generalized propensity score - dad(40),respiratory deaths,mortality,all,0,pm10,daily,1461,"deaths attributable to daily exposure levels above 40 μg/m3, sampling the counterfactuals from the exposure distribution below 40 μg/m3",1,0,0,2.5,1.7,52.5,32.9,0.2758385,0.04202476,NA,table 1,table 3 - column 2,we divided the estimates and standard errors by 1461 (number of days in the study) to get the differences in health outcomes at the daily level and not over the entire period.,0
forastiere et al. (2020),192,https://ehjournal.biomedcentral.com/articles/10.1186/s12940-020-00599-14,Environmental Health,2020,epidemiology,"milan, italy",generalized propensity score - dad(40),cardiovascular deaths,mortality,all,0,pm10,daily,1461,"deaths attributable to daily exposure levels above 40 μg/m3, sampling the counterfactuals from the exposure distribution below 40 μg/m3",1,0,0,10.3,3.9,52.5,32.9,0.6940452,0.08612998,NA,table 1,table 3 - column 3,we divided the estimates and standard errors by 1461 (number of days in the study) to get the differences in health outcomes at the daily level and not over the entire period.,0
forastiere et al. (2020),193,https://ehjournal.biomedcentral.com/articles/10.1186/s12940-020-00599-15,Environmental Health,2020,epidemiology,"milan, italy",generalized propensity score - dad(50),natural deaths,mortality,all,0,pm10,daily,1461,"deaths attributable to daily exposure levels above 50 μg/m3, sampling the counterfactuals from the exposure distribution below 50 μg/m3",1,0,0,28,7,52.5,32.9,1.013689,0.105686,NA,table 1,table 3 - column 1,we divided the estimates and standard errors by 1461 (number of days in the study) to get the differences in health outcomes at the daily level and not over the entire period.,0
forastiere et al. (2020),194,https://ehjournal.biomedcentral.com/articles/10.1186/s12940-020-00599-16,Environmental Health,2020,epidemiology,"milan, italy",generalized propensity score - dad(50),respiratory deaths,mortality,all,0,pm10,daily,1461,"deaths attributable to daily exposure levels above 50 μg/m3, sampling the counterfactuals from the exposure distribution below 50 μg/m3",1,0,0,2.5,1.7,52.5,32.9,0.2224504,0.03037433,NA,table 1,table 3 - column 2,we divided the estimates and standard errors by 1461 (number of days in the study) to get the differences in health outcomes at the daily level and not over the entire period.,0
forastiere et al. (2020),195,https://ehjournal.biomedcentral.com/articles/10.1186/s12940-020-00599-17,Environmental Health,2020,epidemiology,"milan, italy",generalized propensity score - dad(50),cardiovascular deaths,mortality,all,0,pm10,daily,1461,"deaths attributable to daily exposure levels above 50 μg/m3, sampling the counterfactuals from the exposure distribution below 50 μg/m3",1,0,0,10.3,3.9,52.5,32.9,0.5667351,0.05492345,NA,table 1,table 3 - column 3,we divided the estimates and standard errors by 1461 (number of days in the study) to get the differences in health outcomes at the daily level and not over the entire period.,0
forastiere et al. (2020),196,https://ehjournal.biomedcentral.com/articles/10.1186/s12940-020-00599-18,Environmental Health,2020,epidemiology,"milan, italy",conventional time series,natural deaths,mortality,all,0,pm10,daily,1461,"deaths attributable to exceeding the limit of 40 μg/m3 for the annual average level of exposure, calculated from a regression approach",1,0,0,28,7,52.5,32.9,0.2450376,0.08404956,NA,table 1,table 4 - column 1,we divided the estimates and standard errors by 1461 (number of days in the study) to get the differences in health outcomes at the daily level and not over the entire period.,0
giaccherini et al. (2021),197,https://www.sciencedirect.com/science/article/abs/pii/S0167629621000631,Journal of Health Economics,2021,economics,"municipalities, italy",conventional time series,respiratory hospital admission,morbidity,all,0,pm10,daily,121545,1 µg/m³ increase in pm10,0,0,0,2.05,1.3,17.48,10.72,-0.001,5e-4,NA,table 1,table a.2 - column 5,NA,0
giaccherini et al. (2021),198,https://www.sciencedirect.com/science/article/abs/pii/S0167629621000631,Journal of Health Economics,2021,economics,"municipalities, italy",instrumental variable,respiratory hospital admission,morbidity,all,0,pm10,daily,121545,1 µg/m³ increase in pm10,0,0,0,2.05,1.3,17.48,10.72,0.074,0.024,NA,table 1,table 5 - column 4,NA,0
giaccherini et al. (2021),199,https://www.sciencedirect.com/science/article/abs/pii/S0167629621000631,Journal of Health Economics,2021,economics,"municipalities, italy",instrumental variable,respiratory hospital admission - age below 14,morbidity,children,0,pm10,daily,121545,1 µg/m³ increase in pm10,0,0,0,2.12,3.52,17.48,10.72,0.06,0.088,NA,table 1,table 6 - column 4,NA,0
giaccherini et al. (2021),200,https://www.sciencedirect.com/science/article/abs/pii/S0167629621000631,Journal of Health Economics,2021,economics,"municipalities, italy",instrumental variable,respiratory hospital admission - age 15 - 24,morbidity,15 - 24,0,pm10,daily,121545,1 µg/m³ increase in pm10,0,0,0,0.39,1.66,17.48,10.72,0.097,0.057,NA,table 1,table 6 - column 4,NA,0
giaccherini et al. (2021),201,https://www.sciencedirect.com/science/article/abs/pii/S0167629621000631,Journal of Health Economics,2021,economics,"municipalities, italy",instrumental variable,respiratory hospital admission - age 25 - 44,morbidity,25 - 44,0,pm10,daily,121545,1 µg/m³ increase in pm10,0,0,0,0.35,0.94,17.48,10.72,0.042,0.021,NA,table 1,table 6 - column 4,NA,0
giaccherini et al. (2021),202,https://www.sciencedirect.com/science/article/abs/pii/S0167629621000631,Journal of Health Economics,2021,economics,"municipalities, italy",instrumental variable,respiratory hospital admission - age 45 - 64,morbidity,45 - 64,0,pm10,daily,121545,1 µg/m³ increase in pm10,0,0,0,0.82,1.35,17.48,10.72,-0.017,0.022,NA,table 1,table 6 - column 4,NA,0
giaccherini et al. (2021),203,https://www.sciencedirect.com/science/article/abs/pii/S0167629621000631,Journal of Health Economics,2021,economics,"municipalities, italy",instrumental variable,respiratory hospital admission - age 65 and above,morbidity,old,0,pm10,daily,121545,1 µg/m³ increase in pm10,0,0,0,6.05,4.51,17.48,10.72,0.236,0.071,NA,table 1,table 6 - column 4,NA,0
giaccherini et al. (2021),204,https://www.sciencedirect.com/science/article/abs/pii/S0167629621000631,Journal of Health Economics,2021,economics,"municipalities, italy",instrumental variable,nervous system hospitalizations,morbidity,all,1,pm10,daily,121545,1 µg/m³ increase in pm10,0,0,0,NA,NA,17.48,10.72,-0.01,0.017,NA,table 1,table a10 - column 4,NA,0
giaccherini et al. (2021),205,https://www.sciencedirect.com/science/article/abs/pii/S0167629621000631,Journal of Health Economics,2021,economics,"municipalities, italy",instrumental variable,musculoskeletal hospitalizations,morbidity,all,1,pm10,daily,121545,1 µg/m³ increase in pm10,0,0,0,NA,NA,17.48,10.72,-0.012,0.005,NA,table 1,table a10 - column 4,NA,0
giaccherini et al. (2021),206,https://www.sciencedirect.com/science/article/abs/pii/S0167629621000631,Journal of Health Economics,2021,economics,"municipalities, italy",instrumental variable,endocrine systems hospitalizations,morbidity,all,1,pm10,daily,121545,1 µg/m³ increase in pm10,0,0,0,NA,NA,17.48,10.72,-0.014,0.013,NA,table 1,table a10 - column 4,NA,0
godzinski et al. (2019),207,https://www.insee.fr/en/statistiques/4159895,working paper,2019,economics,"10 cities, france",difference in differences,emergency admissions for abnormality of breathing,morbidity,all,0,public transport strikes dummy,daily,13547,public transport strikes dummy,1,0,0,0.08,0.1,NA,NA,0.00972,0.0117,NA,table 5,table 8 - column 1,NA,0
godzinski et al. (2019),208,https://www.insee.fr/en/statistiques/4159895,working paper,2019,economics,"10 cities, france",difference in differences,emergency admissions for all respiratory pathologies,morbidity,all,0,public transport strikes dummy,daily,13547,public transport strikes dummy,1,0,0,1.37,0.72,NA,NA,0.0668,0.0614,NA,table 5,table 8 - column 2,NA,0
godzinski et al. (2019),209,https://www.insee.fr/en/statistiques/4159895,working paper,2019,economics,"10 cities, france",difference in differences,emergency admissions for acute diseases of the upper respiratory system,morbidity,all,0,public transport strikes dummy,daily,13547,public transport strikes dummy,1,0,0,0.08,0.1,NA,NA,0.0309,0.00448,NA,table 5,table 8 - column 3,NA,0
godzinski et al. (2019),210,https://www.insee.fr/en/statistiques/4159895,working paper,2019,economics,"10 cities, france",difference in differences,emergency admissions for influenza and pneumonia,morbidity,all,0,public transport strikes dummy,daily,13547,public transport strikes dummy,1,0,0,0.43,0.28,NA,NA,-0.0193,0.0326,NA,table 5,table 8 - column 4,NA,0
godzinski et al. (2019),211,https://www.insee.fr/en/statistiques/4159895,working paper,2019,economics,"10 cities, france",difference in differences,emergency admissions for acute diseases of the upper respiratory system - age 0-4,morbidity,children,0,public transport strikes dummy,daily,13547,public transport strikes dummy,1,0,0,0.77,1.24,NA,NA,0.386,0.104,NA,table 5,table 8 - column 1,NA,0
godzinski et al. (2019),212,https://www.insee.fr/en/statistiques/4159895,working paper,2019,economics,"10 cities, france",difference in differences,emergency admissions for acute diseases of the upper respiratory system - age 5-14,morbidity,age 5-14,0,public transport strikes dummy,daily,13547,public transport strikes dummy,1,0,0,0.08,0.24,NA,NA,0.0205,0.04,NA,table 5,table 9 - column 2,NA,0
godzinski et al. (2019),213,https://www.insee.fr/en/statistiques/4159895,working paper,2019,economics,"10 cities, france",difference in differences,emergency admissions for acute diseases of the upper respiratory system - age 15-59,morbidity,age 15-59,0,public transport strikes dummy,daily,13547,public transport strikes dummy,1,0,0,0.03,0.07,NA,NA,0.00694,0.00665,NA,table 5,table 9 - column 3,NA,0
godzinski et al. (2019),214,https://www.insee.fr/en/statistiques/4159895,working paper,2019,economics,"10 cities, france",difference in differences,emergency admissions for acute diseases of the upper respiratory system - age over 60,morbidity,old,0,public transport strikes dummy,daily,13547,public transport strikes dummy,1,0,0,0.01,0.08,NA,NA,-9.05e-5,0.00662,NA,table 5,table 9 - column 4,NA,0
godzinski et al. (2019),215,https://www.insee.fr/en/statistiques/4159895,working paper,2019,economics,"10 cities, france",difference in differences,emergency admissions for diseases of the digestive system,morbidity,all,1,public transport strikes dummy,daily,13547,public transport strikes dummy,1,0,0,2.79,0.97,NA,NA,-0.0732,0.128,NA,table 5,table 11 - column 2,NA,0
godzinski et al. (2019),216,https://www.insee.fr/en/statistiques/4159895,working paper,2019,economics,"10 cities, france",difference in differences,emergency admissions for diseases of the digestive system - age 0-4,morbidity,children,1,public transport strikes dummy,daily,13547,public transport strikes dummy,1,0,0,1.84,2.53,NA,NA,-0.261,0.425,NA,table 5,table 11 - column 3,NA,0
godzinski et al. (2019),217,https://www.insee.fr/en/statistiques/4159895,working paper,2019,economics,"10 cities, france",difference in differences,emergency admissions for diseases of the digestive system - age 5-14,morbidity,age 5-14,1,public transport strikes dummy,daily,13547,public transport strikes dummy,1,0,0,1.4,1.57,NA,NA,-0.22,0.236,NA,table 5,table 11 - column 4,NA,0
godzinski et al. (2019),218,https://www.insee.fr/en/statistiques/4159895,working paper,2019,economics,"10 cities, france",difference in differences,emergency admissions for diseases of the digestive system - age 15-59,morbidity,age 15-59,1,public transport strikes dummy,daily,13547,public transport strikes dummy,1,0,0,2.18,0.95,NA,NA,-0.164,0.135,NA,table 5,table 11 - column 5,NA,0
godzinski et al. (2019),219,https://www.insee.fr/en/statistiques/4159895,working paper,2019,economics,"10 cities, france",difference in differences,emergency admissions for diseases of the digestive system- age over 60,morbidity,old,1,public transport strikes dummy,daily,13547,public transport strikes dummy,1,0,0,5.53,2.41,NA,NA,0.26,0.321,NA,table 5,table 11 - column 6,NA,0
godzinski et al. (2019),220,https://www.insee.fr/en/statistiques/4159895,working paper,2019,economics,"10 cities, france",difference in differences,emergency admissions for pregnancy,morbidity,all and women,1,public transport strikes dummy,daily,13547,public transport strikes dummy,1,0,0,0.9,0.83,NA,NA,0.0581,0.0564,NA,table 5,table 11 - column 1,NA,0
godzinski et al. (2021),221,https://www.sciencedirect.com/science/article/abs/pii/S0095069621000668,JEEME,2021,economics,"largest urban areas, france",multi pollutant iv-lasso models,emergency admissions - respiratory,morbidity,all,0,pm2.5,daily,6135,1 µg/m³ increase,0,0,0,1.4,NA,16.5,11,9e-4,0.0024,NA,table 1,table 6 - column 1,NA,0
godzinski et al. (2021),222,https://www.sciencedirect.com/science/article/abs/pii/S0095069621000668,JEEME,2021,economics,"largest urban areas, france",multi pollutant iv-lasso models,emergency admissions - respiratory,morbidity,all,0,co,daily,6135,1 µg/m³ increase,0,0,0,1.4,NA,407.6,216,2e-4,3e-4,NA,table 1,table 6 - column 1,NA,0
godzinski et al. (2021),223,https://www.sciencedirect.com/science/article/abs/pii/S0095069621000668,JEEME,2021,economics,"largest urban areas, france",multi pollutant iv-lasso models,emergency admissions - respiratory,morbidity,all,0,o3,daily,6135,1 µg/m³ increase,0,0,0,1.4,NA,51.5,24,0.0056,0.0019,NA,table 1,table 6 - column 1,NA,0
godzinski et al. (2021),224,https://www.sciencedirect.com/science/article/abs/pii/S0095069621000668,JEEME,2021,economics,"largest urban areas, france",multi pollutant iv-lasso models,emergency admissions - respiratory,morbidity,all,0,so2,daily,6135,1 µg/m³ increase,0,0,0,1.4,NA,1,1.5,0.0957,0.035,NA,table 1,table 6 - column 1,NA,0
godzinski et al. (2021),225,https://www.sciencedirect.com/science/article/abs/pii/S0095069621000668,JEEME,2021,economics,"largest urban areas, france",multi pollutant iv-lasso models,emergency admissions - respiratory,morbidity,all,0,no2,daily,6135,1 µg/m³ increase,0,0,0,1.4,NA,37.4,NA,0.0026,0.0027,NA,table 1,table 6 - column 1,NA,0
godzinski et al. (2021),226,https://www.sciencedirect.com/science/article/abs/pii/S0095069621000668,JEEME,2021,economics,"largest urban areas, france",multi pollutant iv-lasso models,emergency admissions - cardiovascular,morbidity,all,0,pm2.5,daily,6135,1 µg/m³ increase,0,0,0,1.6,NA,16.5,11,8e-4,0.0021,NA,table 1,table 6 - column 2,NA,0
godzinski et al. (2021),227,https://www.sciencedirect.com/science/article/abs/pii/S0095069621000668,JEEME,2021,economics,"largest urban areas, france",multi pollutant iv-lasso models,emergency admissions - cardiovascular,morbidity,all,0,co,daily,6135,1 µg/m³ increase,0,0,0,1.6,NA,407.6,216,7e-4,3e-4,NA,table 1,table 6 - column 2,NA,0
godzinski et al. (2021),228,https://www.sciencedirect.com/science/article/abs/pii/S0095069621000668,JEEME,2021,economics,"largest urban areas, france",multi pollutant iv-lasso models,emergency admissions - cardiovascular,morbidity,all,0,o3,daily,6135,1 µg/m³ increase,0,0,0,1.6,NA,51.5,24,0.002,0.0018,NA,table 1,table 6 - column 2,NA,0
godzinski et al. (2021),229,https://www.sciencedirect.com/science/article/abs/pii/S0095069621000668,JEEME,2021,economics,"largest urban areas, france",multi pollutant iv-lasso models,emergency admissions - cardiovascular,morbidity,all,0,so2,daily,6135,1 µg/m³ increase,0,0,0,1.6,NA,1,1.5,-0.025,0.0342,NA,table 1,table 6 - column 2,NA,0
godzinski et al. (2021),230,https://www.sciencedirect.com/science/article/abs/pii/S0095069621000668,JEEME,2021,economics,"largest urban areas, france",multi pollutant iv-lasso models,emergency admissions - cardiovascular,morbidity,all,0,no2,daily,6135,1 µg/m³ increase,0,0,0,1.6,NA,37.4,NA,-0.0028,0.0026,NA,table 1,table 6 - column 2,NA,0
godzinski et al. (2021),231,https://www.sciencedirect.com/science/article/abs/pii/S0095069621000668,JEEME,2021,economics,"largest urban areas, france",multi pollutant iv-lasso models,emergency admissions - digestive,morbidity,all,1,pm2.5,daily,6135,1 µg/m³ increase,0,0,0,1.4,NA,16.5,11,-0.0036,0.0018,NA,table 1,table 6 - column 3,NA,0
godzinski et al. (2021),232,https://www.sciencedirect.com/science/article/abs/pii/S0095069621000668,JEEME,2021,economics,"largest urban areas, france",multi pollutant iv-lasso models,emergency admissions - digestive,morbidity,all,1,co,daily,6135,1 µg/m³ increase,0,0,0,1.4,NA,407.6,216,-1e-4,2e-4,NA,table 1,table 6 - column 3,NA,0
godzinski et al. (2021),233,https://www.sciencedirect.com/science/article/abs/pii/S0095069621000668,JEEME,2021,economics,"largest urban areas, france",multi pollutant iv-lasso models,emergency admissions - digestive,morbidity,all,1,o3,daily,6135,1 µg/m³ increase,0,0,0,1.4,NA,51.5,24,-0.0026,0.0017,NA,table 1,table 6 - column 3,NA,0
godzinski et al. (2021),234,https://www.sciencedirect.com/science/article/abs/pii/S0095069621000668,JEEME,2021,economics,"largest urban areas, france",multi pollutant iv-lasso models,emergency admissions - digestive,morbidity,all,1,so2,daily,6135,1 µg/m³ increase,0,0,0,1.4,NA,1,1.5,-0.0049,0.0296,NA,table 1,table 6 - column 3,NA,0
godzinski et al. (2021),235,https://www.sciencedirect.com/science/article/abs/pii/S0095069621000668,JEEME,2021,economics,"largest urban areas, france",multi pollutant iv-lasso models,emergency admissions - digestive,morbidity,all,0,no2,daily,6135,1 µg/m³ increase,0,0,0,1.4,NA,37.4,NA,0.001,0.0021,NA,table 1,table 6 - column 3,NA,0
godzinski et al. (2021),236,https://www.sciencedirect.com/science/article/abs/pii/S0095069621000668,JEEME,2021,economics,"largest urban areas, france",multi pollutant iv-lasso models,mortality - respiratory,mortality,all,0,pm2.5,daily,6135,1 µg/m³ increase,0,0,0,0.5,NA,16.5,11,0.0019,0.0011,NA,table 1,table 6 - column 4,NA,0
godzinski et al. (2021),237,https://www.sciencedirect.com/science/article/abs/pii/S0095069621000668,JEEME,2021,economics,"largest urban areas, france",multi pollutant iv-lasso models,mortality - respiratory,mortality,all,0,co,daily,6135,1 µg/m³ increase,0,0,0,0.5,NA,407.6,216,1e-4,1e-4,NA,table 1,table 6 - column 4,NA,0
godzinski et al. (2021),238,https://www.sciencedirect.com/science/article/abs/pii/S0095069621000668,JEEME,2021,economics,"largest urban areas, france",multi pollutant iv-lasso models,mortality - respiratory,mortality,all,0,o3,daily,6135,1 µg/m³ increase,0,0,0,0.5,NA,51.5,24,-7e-4,0.001,NA,table 1,table 6 - column 4,NA,0
godzinski et al. (2021),239,https://www.sciencedirect.com/science/article/abs/pii/S0095069621000668,JEEME,2021,economics,"largest urban areas, france",multi pollutant iv-lasso models,mortality - respiratory,mortality,all,0,so2,daily,6135,1 µg/m³ increase,0,0,0,0.5,NA,1,1.5,0.0381,0.0159,NA,table 1,table 6 - column 4,NA,0
godzinski et al. (2021),240,https://www.sciencedirect.com/science/article/abs/pii/S0095069621000668,JEEME,2021,economics,"largest urban areas, france",multi pollutant iv-lasso models,mortality - respiratory,mortality,all,0,no2,daily,6135,1 µg/m³ increase,0,0,0,0.5,NA,37.4,NA,4e-4,0.0014,NA,table 1,table 6 - column 4,NA,0
godzinski et al. (2021),241,https://www.sciencedirect.com/science/article/abs/pii/S0095069621000668,JEEME,2021,economics,"largest urban areas, france",multi pollutant iv-lasso models,mortality - cardiovascular,mortality,all,0,pm2.5,daily,6135,1 µg/m³ increase,0,0,0,0.9,NA,16.5,11,0.0042,0.0016,NA,table 1,table 6 - column 5,NA,0
godzinski et al. (2021),242,https://www.sciencedirect.com/science/article/abs/pii/S0095069621000668,JEEME,2021,economics,"largest urban areas, france",multi pollutant iv-lasso models,mortality - cardiovascular,mortality,all,0,co,daily,6135,1 µg/m³ increase,0,0,0,0.9,NA,407.6,216,1e-4,2e-4,NA,table 1,table 6 - column 5,NA,0
godzinski et al. (2021),243,https://www.sciencedirect.com/science/article/abs/pii/S0095069621000668,JEEME,2021,economics,"largest urban areas, france",multi pollutant iv-lasso models,mortality - cardiovascular,mortality,all,0,o3,daily,6135,1 µg/m³ increase,0,0,0,0.9,NA,51.5,24,0.0012,0.0015,NA,table 1,table 6 - column 5,NA,0
godzinski et al. (2021),244,https://www.sciencedirect.com/science/article/abs/pii/S0095069621000668,JEEME,2021,economics,"largest urban areas, france",multi pollutant iv-lasso models,mortality - cardiovascular,mortality,all,0,so2,daily,6135,1 µg/m³ increase,0,0,0,0.9,NA,1,1.5,0.0196,0.0238,NA,table 1,table 6 - column 5,NA,0
godzinski et al. (2021),245,https://www.sciencedirect.com/science/article/abs/pii/S0095069621000668,JEEME,2021,economics,"largest urban areas, france",multi pollutant iv-lasso models,mortality - cardiovascular,mortality,all,0,no2,daily,6135,1 µg/m³ increase,0,0,0,0.9,NA,37.4,NA,7e-4,0.0019,NA,table 1,table 6 - column 5,NA,0
godzinski et al. (2021),246,https://www.sciencedirect.com/science/article/abs/pii/S0095069621000668,JEEME,2021,economics,"largest urban areas, france",multi pollutant iv-lasso models,mortality - digestive,mortality,all,1,pm2.5,daily,6135,1 µg/m³ increase,0,0,0,0.2,NA,16.5,11,0.001,7e-4,NA,table 1,table 6 - column 6,NA,0
godzinski et al. (2021),247,https://www.sciencedirect.com/science/article/abs/pii/S0095069621000668,JEEME,2021,economics,"largest urban areas, france",multi pollutant iv-lasso models,mortality - digestive,mortality,all,1,co,daily,6135,1 µg/m³ increase,0,0,0,0.2,NA,407.6,216,-2e-5,1e-4,NA,table 1,table 6 - column 6,NA,0
godzinski et al. (2021),248,https://www.sciencedirect.com/science/article/abs/pii/S0095069621000668,JEEME,2021,economics,"largest urban areas, france",multi pollutant iv-lasso models,mortality - digestive,mortality,all,1,o3,daily,6135,1 µg/m³ increase,0,0,0,0.2,NA,51.5,24,6e-4,6e-4,NA,table 1,table 6 - column 6,NA,0
godzinski et al. (2021),249,https://www.sciencedirect.com/science/article/abs/pii/S0095069621000668,JEEME,2021,economics,"largest urban areas, france",multi pollutant iv-lasso models,mortality - digestive,mortality,all,1,so2,daily,6135,1 µg/m³ increase,0,0,0,0.2,NA,1,1.5,-0.002,0.0109,NA,table 1,table 6 - column 6,NA,0
godzinski et al. (2021),250,https://www.sciencedirect.com/science/article/abs/pii/S0095069621000668,JEEME,2021,economics,"largest urban areas, france",multi pollutant iv-lasso models,mortality - digestive,mortality,all,1,no2,daily,6135,1 µg/m³ increase,0,0,0,0.2,NA,37.4,NA,-7e-4,8e-4,NA,table 1,table 6 - column 6,NA,0
guidetti et al. (2021),251,https://www.aeaweb.org/articles?id=10.1257/pandp.20211031,AEA Papers & Proceedings,2021,economics,"sao paulo metropolitan area, brazil",conventional time series,respiratory admissions - children 1-5 years old,morbidity,children,0,pm10,daily,89492,1 µg/m³ increase in pm10,0,0,0,62.57,147.6391,2.99,1.397141,0.65,0.465,NA,table a1,table a2 - column 1,we computed the standard deviations of the dependant and independent variables using the data provided by the authors.,1
guidetti et al. (2021),252,https://www.aeaweb.org/articles?id=10.1257/pandp.20211031,AEA Papers & Proceedings,2021,economics,"sao paulo metropolitan area, brazil",conventional time series,asthma admissions - children 1-5 years old,morbidity,children,0,pm10,daily,89492,1 µg/m³ increase in pm10,0,0,0,6.63,42.30351,2.99,1.397141,0.1,0.113,NA,table a1,table a2 - column 2,we computed the standard deviations of the dependant and independent variables using the data provided by the authors.,1
guidetti et al. (2021),253,https://www.aeaweb.org/articles?id=10.1257/pandp.20211031,AEA Papers & Proceedings,2021,economics,"sao paulo metropolitan area, brazil",conventional time series,pneumonia admissions - children 1-5 years old,morbidity,children,0,pm10,daily,89492,1 µg/m³ increase in pm10,0,0,0,34.21,98.55304,2.99,1.397141,0.27,0.278,NA,table a1,table a2 - column 3,we computed the standard deviations of the dependant and independent variables using the data provided by the authors.,1
guidetti et al. (2021),254,https://www.aeaweb.org/articles?id=10.1257/pandp.20211031,AEA Papers & Proceedings,2021,economics,"sao paulo metropolitan area, brazil",conventional time series,influenza admissions - children 1-5 years old,morbidity,children,0,pm10,daily,89492,1 µg/m³ increase in pm10,0,0,0,0.18,9.84828,2.99,1.397141,0.03,0.017,NA,table a1,table a2 - column 4,we computed the standard deviations of the dependant and independent variables using the data provided by the authors.,1
guidetti et al. (2021),255,https://www.aeaweb.org/articles?id=10.1257/pandp.20211031,AEA Papers & Proceedings,2021,economics,"sao paulo metropolitan area, brazil",conventional time series,epilepsy admissions - children 1-5 years old,morbidity,children,0,pm10,daily,89492,1 µg/m³ increase in pm10,0,0,0,2.32,22.60342,2.99,1.397141,0.07,0.053,NA,table a1,table a2 - column 1,we computed the standard deviations of the dependant and independent variables using the data provided by the authors.,1
guidetti et al. (2021),256,https://www.aeaweb.org/articles?id=10.1257/pandp.20211031,AEA Papers & Proceedings,2021,economics,"sao paulo metropolitan area, brazil",conventional time series,phimosis admissions - children 1-5 years old,morbidity,children,0,pm10,daily,89492,1 µg/m³ increase in pm10,0,0,0,7.6,52.05993,2.99,1.397141,0.13,0.145,NA,table a1,table a2 - column 2,we computed the standard deviations of the dependant and independent variables using the data provided by the authors.,1
guidetti et al. (2021),257,https://www.aeaweb.org/articles?id=10.1257/pandp.20211031,AEA Papers & Proceedings,2021,economics,"sao paulo metropolitan area, brazil",conventional time series,appendicitis admissions - children 1-5 years old,morbidity,children,1,pm10,daily,89492,1 µg/m³ increase in pm10,0,0,0,0.82,15.1906,2.99,1.397141,0.03,0.029,NA,table a1,table a2 - column 3,we computed the standard deviations of the dependant and independent variables using the data provided by the authors.,1
guidetti et al. (2021),258,https://www.aeaweb.org/articles?id=10.1257/pandp.20211031,AEA Papers & Proceedings,2021,economics,"sao paulo metropolitan area, brazil",conventional time series,fracture admissions - children 1-5 years old,morbidity,children,1,pm10,daily,89492,1 µg/m³ increase in pm10,0,0,0,0.94,17.74805,2.99,1.397141,0.03,0.034,NA,table a1,table a2 - column 4,we computed the standard deviations of the dependant and independent variables using the data provided by the authors.,1
guidetti et al. (2021),259,https://www.aeaweb.org/articles?id=10.1257/pandp.20211031,AEA Papers & Proceedings,2021,economics,"sao paulo metropolitan area, brazil",instrumental variable,respiratory admissions - children 1-5 years old,morbidity,children,0,pm10,daily,89492,1 µg/m³ increase in pm10,0,0,0,62.57,147.6391,2.99,1.397141,4.55,1.35,NA,table a1,table 1 - column 1,we computed the standard deviations of the dependant and independent variables using the data provided by the authors.,1
guidetti et al. (2021),260,https://www.aeaweb.org/articles?id=10.1257/pandp.20211031,AEA Papers & Proceedings,2021,economics,"sao paulo metropolitan area, brazil",instrumental variable,asthma admissions - children 1-5 years old,morbidity,children,0,pm10,daily,89492,1 µg/m³ increase in pm10,0,0,0,6.63,42.30351,2.99,1.397141,0.99,0.41,NA,table a1,table 1 - column 2,we computed the standard deviations of the dependant and independent variables using the data provided by the authors.,1
guidetti et al. (2021),261,https://www.aeaweb.org/articles?id=10.1257/pandp.20211031,AEA Papers & Proceedings,2021,economics,"sao paulo metropolitan area, brazil",instrumental variable,pneumonia admissions - children 1-5 years old,morbidity,children,0,pm10,daily,89492,1 µg/m³ increase in pm10,0,0,0,34.21,98.55304,2.99,1.397141,2.35,1,NA,table a1,table 1 - column 3,we computed the standard deviations of the dependant and independent variables using the data provided by the authors.,1
guidetti et al. (2021),262,https://www.aeaweb.org/articles?id=10.1257/pandp.20211031,AEA Papers & Proceedings,2021,economics,"sao paulo metropolitan area, brazil",instrumental variable,influenza admissions - children 1-5 years old,morbidity,children,0,pm10,daily,89492,1 µg/m³ increase in pm10,0,0,0,0.18,9.84828,2.99,1.397141,0.08,0.04,NA,table a1,table 1 - column 4,we computed the standard deviations of the dependant and independent variables using the data provided by the authors.,1
guidetti et al. (2021),263,https://www.aeaweb.org/articles?id=10.1257/pandp.20211031,AEA Papers & Proceedings,2021,economics,"sao paulo metropolitan area, brazil",instrumental variable,epilepsy admissions - children 1-5 years old,morbidity,children,0,pm10,daily,89492,1 µg/m³ increase in pm10,0,0,0,2.32,22.60342,2.99,1.397141,-0.28,0.13,NA,table a1,table 1 - column 1,we computed the standard deviations of the dependant and independent variables using the data provided by the authors.,1
guidetti et al. (2021),264,https://www.aeaweb.org/articles?id=10.1257/pandp.20211031,AEA Papers & Proceedings,2021,economics,"sao paulo metropolitan area, brazil",instrumental variable,phimosis admissions - children 1-5 years old,morbidity,children,0,pm10,daily,89492,1 µg/m³ increase in pm10,0,0,0,7.6,52.05993,2.99,1.397141,-0.84,0.49,NA,table a1,table 1 - column 2,we computed the standard deviations of the dependant and independent variables using the data provided by the authors.,1
guidetti et al. (2021),265,https://www.aeaweb.org/articles?id=10.1257/pandp.20211031,AEA Papers & Proceedings,2021,economics,"sao paulo metropolitan area, brazil",instrumental variable,appendicitis admissions - children 1-5 years old,morbidity,children,1,pm10,daily,89492,1 µg/m³ increase in pm10,0,0,0,0.82,15.1906,2.99,1.397141,-0.06,0.09,NA,table a1,table 1 - column 3,we computed the standard deviations of the dependant and independent variables using the data provided by the authors.,1
guidetti et al. (2021),266,https://www.aeaweb.org/articles?id=10.1257/pandp.20211031,AEA Papers & Proceedings,2021,economics,"sao paulo metropolitan area, brazil",instrumental variable,fracture admissions - children 1-5 years old,morbidity,children,1,pm10,daily,89492,1 µg/m³ increase in pm10,0,0,0,0.94,17.74805,2.99,1.397141,0,0.1,NA,table a1,table 1 - column 4,we computed the standard deviations of the dependant and independent variables using the data provided by the authors.,1
halliday et al. (2018),267,https://onlinelibrary.wiley.com/doi/full/10.1111/ecoj.12609,The Economic Journal,2018,economics,"hawaii, usa",conventional time series,er admission for pulmonary outcomes,morbidity,all,0,pm2.5,daily,14751,1 µg/m³ increase in pm2.5,0,0,0,5,3.23,6.52,3.3,0.025,0.007,NA,table 1,table 5 - column 6,NA,1
halliday et al. (2018),268,https://onlinelibrary.wiley.com/doi/full/10.1111/ecoj.12609,The Economic Journal,2018,economics,"hawaii, usa",conventional time series,er admission for pulmonary outcomes,morbidity,all,0,pm10,daily,12899,1 µg/m³ increase in pm10,0,0,0,5,3.23,16.04,6.24,0.012,0.005,NA,table 1,table 5 - column 2,NA,1
halliday et al. (2018),269,https://onlinelibrary.wiley.com/doi/full/10.1111/ecoj.12609,The Economic Journal,2018,economics,"hawaii, usa",conventional time series,admissions for fractures,morbidity,all,1,pm2.5,daily,14982,1 µg/m³ increase in pm2.5,0,0,0,1.98,1.53,6.52,3.3,0.001,0.003,NA,table 1,table 6 - column 4,NA,1
halliday et al. (2018),270,https://onlinelibrary.wiley.com/doi/full/10.1111/ecoj.12609,The Economic Journal,2018,economics,"hawaii, usa",conventional time series,admissions for fractures,morbidity,all,1,pm10,daily,13036,1 µg/m³ increase in pm10,0,0,0,1.98,1.53,16.04,6.24,0,0.004,NA,table 1,table 6 - column 2,NA,1
halliday et al. (2018),271,https://onlinelibrary.wiley.com/doi/full/10.1111/ecoj.12609,The Economic Journal,2018,economics,"hawaii, usa",instrumental variable,er admission for pulmonary outcomes,morbidity,all,0,pm2.5,daily,6195,1 µg/m³ increase in pm2.5,0,0,0,5,3.23,6.52,3.3,0.553,0.087,NA,table 1,table 8 - column 5,NA,1
halliday et al. (2018),272,https://onlinelibrary.wiley.com/doi/full/10.1111/ecoj.12609,The Economic Journal,2018,economics,"hawaii, usa",instrumental variable,er admission for pulmonary outcomes,morbidity,all,0,pm10,daily,6814,1 µg/m³ increase in pm10,0,0,0,5,3.23,16.04,6.24,0.418,0.073,NA,table 1,table 8 - column 1,NA,1
hanlon et al. (2022),273,https://direct.mit.edu/rest/article-abstract/doi/10.1162/rest_a_01190/111191/London-Fog-A-Century-of-Pollution-and-Mortality?redirectedFrom=fulltext,ReStat,2022,economics,"london, uk",conventional time series - suggestive evidence,log total mortality 1951-1961,mortality,all,0,pollution (tsp),weekly,494,1 unit  increase  in tsp,0,0,1,1249.184,407.1412,0.269,0.201,0.191,0.0925,NA,table a1,table 1 - column 1,NA,1
hanlon et al. (2022),274,https://direct.mit.edu/rest/article-abstract/doi/10.1162/rest_a_01190/111191/London-Fog-A-Century-of-Pollution-and-Mortality?redirectedFrom=fulltext,ReStat,2022,economics,"london, uk",reduced-form - suggestive evidence,log total mortality 1951-1961,mortality,all,0,number of fog days,weekly,494,1 extra fog day,0,0,1,1249.184,407.1412,0.206,0.634,0.0105,0.0034,NA,table a1,table 1 - column 2,NA,1
hanlon et al. (2022),275,https://direct.mit.edu/rest/article-abstract/doi/10.1162/rest_a_01190/111191/London-Fog-A-Century-of-Pollution-and-Mortality?redirectedFrom=fulltext,ReStat,2022,economics,"london, uk",instrumental variable - suggestive evidence,log total mortality 1951-1961,mortality,all,0,number of fog days,weekly,494,1 unit increase  in tsp,0,0,1,1249.184,407.1412,0.269,0.201,0.665,0.217,NA,table a1,table 1 - column 3,NA,1
hanlon et al. (2022),276,https://direct.mit.edu/rest/article-abstract/doi/10.1162/rest_a_01190/111191/London-Fog-A-Century-of-Pollution-and-Mortality?redirectedFrom=fulltext,ReStat,2022,economics,"london, uk",reduced-form,log total mortality 1951-1961,mortality,all,0,predicted fog week,weekly,494,predicted fog week dummy,1,0,1,1249.184,407.1412,0.032,0.177,0.115,0.0295,NA,table a1,table 1 - column 4,NA,1
hanlon et al. (2022),277,https://direct.mit.edu/rest/article-abstract/doi/10.1162/rest_a_01190/111191/London-Fog-A-Century-of-Pollution-and-Mortality?redirectedFrom=fulltext,ReStat,2022,economics,"london, uk",conventional time series,log total mortality 1866-1965,mortality,all,0,number of fog days,weekly,4479,1 extra fog day,0,0,1,1249.184,407.1412,0.206,0.634,0.00835,0.00232,NA,table a1,table 2 - column 2,NA,1
hanlon et al. (2022),278,https://direct.mit.edu/rest/article-abstract/doi/10.1162/rest_a_01190/111191/London-Fog-A-Century-of-Pollution-and-Mortality?redirectedFrom=fulltext,ReStat,2022,economics,"london, uk",instrumental variable,log total mortality 1866-1965,mortality,all,0,number of fog days,weekly,4479,1 extra fog day,0,0,1,1249.184,407.1412,0.206,0.634,0.0375,0.00771,NA,table a1,table 2 - column 4,NA,1
hanlon et al. (2022),279,https://direct.mit.edu/rest/article-abstract/doi/10.1162/rest_a_01190/111191/London-Fog-A-Century-of-Pollution-and-Mortality?redirectedFrom=fulltext,ReStat,2022,economics,"london, uk",reduced-form,log total mortality 1866-1965 - age 0-1,mortality,infant,0,number of fog days,weekly,3905,1 extra fog day,0,0,1,215.349,173.562,0.206,0.634,-6e-4,0.0028,NA,table a1,table 1 - column 1,NA,1
hanlon et al. (2022),280,https://direct.mit.edu/rest/article-abstract/doi/10.1162/rest_a_01190/111191/London-Fog-A-Century-of-Pollution-and-Mortality?redirectedFrom=fulltext,ReStat,2022,economics,"london, uk",reduced-form,log total mortality 1866-1965 - age 1-5,mortality,children,0,number of fog days,weekly,3888,1 extra fog day,0,0,1,125.887,113.014,0.206,0.634,0.0154,0.0064,NA,table a1,table 1 - column 2,NA,1
hanlon et al. (2022),281,https://direct.mit.edu/rest/article-abstract/doi/10.1162/rest_a_01190/111191/London-Fog-A-Century-of-Pollution-and-Mortality?redirectedFrom=fulltext,ReStat,2022,economics,"london, uk",reduced-form,log total mortality 1866-1965 - young,mortality,young,0,number of fog days,weekly,4192,1 extra fog day,0,0,1,67.343,35.771,0.206,0.634,0.0102,0.0034,NA,table a1,table 1 - column 3,NA,1
hanlon et al. (2022),282,https://direct.mit.edu/rest/article-abstract/doi/10.1162/rest_a_01190/111191/London-Fog-A-Century-of-Pollution-and-Mortality?redirectedFrom=fulltext,ReStat,2022,economics,"london, uk",reduced-form,log total mortality 1866-1965 - adult,mortality,adult,0,number of fog days,weekly,4192,1 extra fog day,0,0,1,141.944,69.762,0.206,0.634,0.0063,0.0023,NA,table a1,table 1 - column 4,NA,1
hanlon et al. (2022),283,https://direct.mit.edu/rest/article-abstract/doi/10.1162/rest_a_01190/111191/London-Fog-A-Century-of-Pollution-and-Mortality?redirectedFrom=fulltext,ReStat,2022,economics,"london, uk",reduced-form,log total mortality 1866-1965 - middle age,mortality,middle age,0,number of fog days,weekly,4192,1 extra fog day,0,0,1,261.158,67.785,0.206,0.634,0.0092,0.0022,NA,table a1,table 1 - column 5,NA,1
hanlon et al. (2022),284,https://direct.mit.edu/rest/article-abstract/doi/10.1162/rest_a_01190/111191/London-Fog-A-Century-of-Pollution-and-Mortality?redirectedFrom=fulltext,ReStat,2022,economics,"london, uk",reduced-form,log total mortality 1866-1965 - elderly,mortality,old,0,number of fog days,weekly,4192,1 extra fog day,0,0,1,412.652,151.237,0.206,0.634,0.0098,0.0025,NA,table a1,table 1 - column 6,NA,1
he et al. (2016),285,https://www.sciencedirect.com/science/article/abs/pii/S0095069616300237,JEEM,2016,economics,"34 urban districts, china",instrumental variable,monthly standardized mortality rate,mortality,all,0,pm10,monthly,1930,1 µg/m³ increase in pm10,0,0,1,4.12,1.61,97.99,36.22,0.00836,0.00396,NA,table 1 and table 2 - column 3,table 2 - column 6,NA,0
he et al. (2016),286,https://www.sciencedirect.com/science/article/abs/pii/S0095069616300237,JEEM,2016,economics,"34 urban districts, china",instrumental variable,monthly standardized cvr mortality rate,mortality,all,0,pm10,monthly,1930,1 µg/m³ increase in pm10,0,0,1,1.85,0.89,97.99,36.22,0.00878,0.00384,NA,table 1 and table 2 - column 3,table 3 - column 1,NA,0
he et al. (2016),287,https://www.sciencedirect.com/science/article/abs/pii/S0095069616300237,JEEM,2016,economics,"34 urban districts, china",instrumental variable,monthly standardized non-cvr mortality rate,mortality,all,0,pm10,monthly,1930,1 µg/m³ increase in pm10,0,0,1,2.27,0.98,97.99,36.22,0.00461,0.00338,NA,table 1 and table 2 - column 3,table 3 - column 2,NA,0
he et al. (2016),288,https://www.sciencedirect.com/science/article/abs/pii/S0095069616300237,JEEM,2016,economics,"34 urban districts, china",instrumental variable,monthly standardized cancer mortality rate,mortality,all,1,pm10,monthly,1930,1 µg/m³ increase in pm10,0,0,1,1.04,0.34,97.99,36.22,0.00341,0.0023,NA,table 1 and table 2 - column 3,table 3 - column 3,NA,0
he et al. (2016),289,https://www.sciencedirect.com/science/article/abs/pii/S0095069616300237,JEEM,2016,economics,"34 urban districts, china",instrumental variable,monthly standardized injury mortality rate,mortality,all,1,pm10,monthly,1930,1 µg/m³ increase in pm10,0,0,1,0.29,0.22,97.99,36.22,-3.64e-4,0.00128,NA,table 1 and table 2 - column 3,table 3 - column 4,NA,0
he et al. (2016),290,https://www.sciencedirect.com/science/article/abs/pii/S0095069616300237,JEEM,2016,economics,"34 urban districts, china",instrumental variable,monthly standardized mortality rate - age 0-4,mortality,children,0,pm10,monthly,1930,1 µg/m³ increase in pm10,0,0,1,NA,NA,97.99,36.22,0.019,0.0074,NA,table 1,table 5 - column 1,NA,0
he et al. (2016),291,https://www.sciencedirect.com/science/article/abs/pii/S0095069616300237,JEEM,2016,economics,"34 urban districts, china",instrumental variable,monthly standardized mortality rate - age 5-9,mortality,children,0,pm10,monthly,1930,1 µg/m³ increase in pm10,0,0,1,NA,NA,97.99,36.22,0.0054,0.0019,NA,table 1,table 5 - column 1,NA,0
he et al. (2016),292,https://www.sciencedirect.com/science/article/abs/pii/S0095069616300237,JEEM,2016,economics,"34 urban districts, china",instrumental variable,monthly standardized mortality rate - age 10-19,mortality,age 10-19,0,pm10,monthly,1930,1 µg/m³ increase in pm10,0,0,1,NA,NA,97.99,36.22,0.0028,0.0019,NA,table 1,table 5 - column 1,NA,0
he et al. (2016),293,https://www.sciencedirect.com/science/article/abs/pii/S0095069616300237,JEEM,2016,economics,"34 urban districts, china",instrumental variable,monthly standardized mortality rate - age 20-39,mortality,age 20-39,0,pm10,monthly,1930,1 µg/m³ increase in pm10,0,0,1,NA,NA,97.99,36.22,0.0017,0.0026,NA,table 1,table 5 - column 1,NA,0
he et al. (2016),294,https://www.sciencedirect.com/science/article/abs/pii/S0095069616300237,JEEM,2016,economics,"34 urban districts, china",instrumental variable,monthly standardized mortality rate - age 40-59,mortality,age 40-59,0,pm10,monthly,1930,1 µg/m³ increase in pm10,0,0,1,NA,NA,97.99,36.22,0.0066,0.0043,NA,table 1,table 5 - column 1,NA,0
he et al. (2016),295,https://www.sciencedirect.com/science/article/abs/pii/S0095069616300237,JEEM,2016,economics,"34 urban districts, china",instrumental variable,monthly standardized mortality rate - age 60-64,mortality,old,0,pm10,monthly,1930,1 µg/m³ increase in pm10,0,0,1,NA,NA,97.99,36.22,0.0049,0.0058,NA,table 1,table 5 - column 1,NA,0
he et al. (2016),296,https://www.sciencedirect.com/science/article/abs/pii/S0095069616300237,JEEM,2016,economics,"34 urban districts, china",instrumental variable,monthly standardized mortality rate - age 65-69,mortality,old,0,pm10,monthly,1930,1 µg/m³ increase in pm10,0,0,1,NA,NA,97.99,36.22,0.0109,0.0073,NA,table 1,table 5 - column 1,NA,0
he et al. (2016),297,https://www.sciencedirect.com/science/article/abs/pii/S0095069616300237,JEEM,2016,economics,"34 urban districts, china",instrumental variable,monthly standardized mortality rate - age 70-74,mortality,old,0,pm10,monthly,1930,1 µg/m³ increase in pm10,0,0,1,NA,NA,97.99,36.22,0.0061,0.0078,NA,table 1,table 5 - column 1,NA,0
he et al. (2016),298,https://www.sciencedirect.com/science/article/abs/pii/S0095069616300237,JEEM,2016,economics,"34 urban districts, china",instrumental variable,monthly standardized mortality rate - age 75-79,mortality,old,0,pm10,monthly,1930,1 µg/m³ increase in pm10,0,0,1,NA,NA,97.99,36.22,0.0169,0.0075,NA,table 1,table 5 - column 1,NA,0
he et al. (2016),299,https://www.sciencedirect.com/science/article/abs/pii/S0095069616300237,JEEM,2016,economics,"34 urban districts, china",instrumental variable,monthly standardized mortality rate - age 80-84,mortality,old,0,pm10,monthly,1930,1 µg/m³ increase in pm10,0,0,1,NA,NA,97.99,36.22,0.0152,0.0068,NA,table 1,table 5 - column 1,NA,0
he et al. (2016),300,https://www.sciencedirect.com/science/article/abs/pii/S0095069616300237,JEEM,2016,economics,"34 urban districts, china",instrumental variable,monthly standardized mortality rate - age 85+,mortality,old,0,pm10,monthly,1930,1 µg/m³ increase in pm10,0,0,1,NA,NA,97.99,36.22,0.0159,0.0113,NA,table 1,table 5 - column 1,NA,0
he et al. (2016),301,https://www.sciencedirect.com/science/article/abs/pii/S0095069616300237,JEEM,2016,economics,"34 urban districts, china",instrumental variable,monthly standardized cvr mortality rate - age 0-4,mortality,children,0,pm10,monthly,1930,1 µg/m³ increase in pm10,0,0,1,NA,NA,97.99,36.22,-3e-4,0.0011,NA,table 1,table 5 - column 2,NA,0
he et al. (2016),302,https://www.sciencedirect.com/science/article/abs/pii/S0095069616300237,JEEM,2016,economics,"34 urban districts, china",instrumental variable,monthly standardized cvr mortality rate - age 5-9,mortality,children,0,pm10,monthly,1930,1 µg/m³ increase in pm10,0,0,1,NA,NA,97.99,36.22,0.0013,8e-4,NA,table 1,table 5 - column 2,NA,0
he et al. (2016),303,https://www.sciencedirect.com/science/article/abs/pii/S0095069616300237,JEEM,2016,economics,"34 urban districts, china",instrumental variable,monthly standardized cvr mortality rate - age 10-19,mortality,age 10-19,0,pm10,monthly,1930,1 µg/m³ increase in pm10,0,0,1,NA,NA,97.99,36.22,4e-4,6e-4,NA,table 1,table 5 - column 2,NA,0
he et al. (2016),304,https://www.sciencedirect.com/science/article/abs/pii/S0095069616300237,JEEM,2016,economics,"34 urban districts, china",instrumental variable,monthly standardized cvr mortality rate - age 20-39,mortality,age 20-39,0,pm10,monthly,1930,1 µg/m³ increase in pm10,0,0,1,NA,NA,97.99,36.22,0.0011,0.0013,NA,table 1,table 5 - column 2,NA,0
he et al. (2016),305,https://www.sciencedirect.com/science/article/abs/pii/S0095069616300237,JEEM,2016,economics,"34 urban districts, china",instrumental variable,monthly standardized cvr mortality rate - age 40-59,mortality,age 40-59,0,pm10,monthly,1930,1 µg/m³ increase in pm10,0,0,1,NA,NA,97.99,36.22,0.0056,0.0034,NA,table 1,table 5 - column 2,NA,0
he et al. (2016),306,https://www.sciencedirect.com/science/article/abs/pii/S0095069616300237,JEEM,2016,economics,"34 urban districts, china",instrumental variable,monthly standardized cvr mortality rate - age 60-64,mortality,old,0,pm10,monthly,1930,1 µg/m³ increase in pm10,0,0,1,NA,NA,97.99,36.22,0.0021,0.0048,NA,table 1,table 5 - column 2,NA,0
he et al. (2016),307,https://www.sciencedirect.com/science/article/abs/pii/S0095069616300237,JEEM,2016,economics,"34 urban districts, china",instrumental variable,monthly standardized cvr mortality rate - age 65-69,mortality,old,0,pm10,monthly,1930,1 µg/m³ increase in pm10,0,0,1,NA,NA,97.99,36.22,0.016,0.0082,NA,table 1,table 5 - column 2,NA,0
he et al. (2016),308,https://www.sciencedirect.com/science/article/abs/pii/S0095069616300237,JEEM,2016,economics,"34 urban districts, china",instrumental variable,monthly standardized cvr mortality rate - age 70-74,mortality,old,0,pm10,monthly,1930,1 µg/m³ increase in pm10,0,0,1,NA,NA,97.99,36.22,0.0099,0.0086,NA,table 1,table 5 - column 2,NA,0
he et al. (2016),309,https://www.sciencedirect.com/science/article/abs/pii/S0095069616300237,JEEM,2016,economics,"34 urban districts, china",instrumental variable,monthly standardized cvr mortality rate - age 75-79,mortality,old,0,pm10,monthly,1930,1 µg/m³ increase in pm10,0,0,1,NA,NA,97.99,36.22,0.0204,0.0085,NA,table 1,table 5 - column 2,NA,0
he et al. (2016),310,https://www.sciencedirect.com/science/article/abs/pii/S0095069616300237,JEEM,2016,economics,"34 urban districts, china",instrumental variable,monthly standardized cvr mortality rate - age 80-84,mortality,old,0,pm10,monthly,1930,1 µg/m³ increase in pm10,0,0,1,NA,NA,97.99,36.22,0.0141,0.0078,NA,table 1,table 5 - column 2,NA,0
he et al. (2016),311,https://www.sciencedirect.com/science/article/abs/pii/S0095069616300237,JEEM,2016,economics,"34 urban districts, china",instrumental variable,monthly standardized cvr mortality rate - age 85+,mortality,old,0,pm10,monthly,1930,1 µg/m³ increase in pm10,0,0,1,NA,NA,97.99,36.22,0.0209,0.0107,NA,table 1,table 5 - column 2,NA,0
he et al. (2016),312,https://www.sciencedirect.com/science/article/abs/pii/S0095069616300237,JEEM,2016,economics,"34 urban districts, china",instrumental variable,monthly standardized non-cvr mortality rate - age 0-4,mortality,children,0,pm10,monthly,1930,1 µg/m³ increase in pm10,0,0,1,NA,NA,97.99,36.22,0.0192,0.0073,NA,table 1,table 5 - column 3,NA,0
he et al. (2016),313,https://www.sciencedirect.com/science/article/abs/pii/S0095069616300237,JEEM,2016,economics,"34 urban districts, china",instrumental variable,monthly standardized non-cvr mortality rate - age 5-9,mortality,children,0,pm10,monthly,1930,1 µg/m³ increase in pm10,0,0,1,NA,NA,97.99,36.22,0.0041,0.0018,NA,table 1,table 5 - column 3,NA,0
he et al. (2016),314,https://www.sciencedirect.com/science/article/abs/pii/S0095069616300237,JEEM,2016,economics,"34 urban districts, china",instrumental variable,monthly standardized non-cvr mortality rate - age 10-19,mortality,age 10-19,0,pm10,monthly,1930,1 µg/m³ increase in pm10,0,0,1,NA,NA,97.99,36.22,0.0022,0.002,NA,table 1,table 5 - column 3,NA,0
he et al. (2016),315,https://www.sciencedirect.com/science/article/abs/pii/S0095069616300237,JEEM,2016,economics,"34 urban districts, china",instrumental variable,monthly standardized non-cvr mortality rate - age 20-39,mortality,age 20-39,0,pm10,monthly,1930,1 µg/m³ increase in pm10,0,0,1,NA,NA,97.99,36.22,9e-4,0.0022,NA,table 1,table 5 - column 3,NA,0
he et al. (2016),316,https://www.sciencedirect.com/science/article/abs/pii/S0095069616300237,JEEM,2016,economics,"34 urban districts, china",instrumental variable,monthly standardized non-cvr mortality rate - age 40-59,mortality,age 40-59,0,pm10,monthly,1930,1 µg/m³ increase in pm10,0,0,1,NA,NA,97.99,36.22,0.0041,0.0038,NA,table 1,table 5 - column 3,NA,0
he et al. (2016),317,https://www.sciencedirect.com/science/article/abs/pii/S0095069616300237,JEEM,2016,economics,"34 urban districts, china",instrumental variable,monthly standardized non-cvr mortality rate - age 60-64,mortality,old,0,pm10,monthly,1930,1 µg/m³ increase in pm10,0,0,1,NA,NA,97.99,36.22,0.0048,0.006,NA,table 1,table 5 - column 3,NA,0
he et al. (2016),318,https://www.sciencedirect.com/science/article/abs/pii/S0095069616300237,JEEM,2016,economics,"34 urban districts, china",instrumental variable,monthly standardized non-cvr mortality rate - age 65-69,mortality,old,0,pm10,monthly,1930,1 µg/m³ increase in pm10,0,0,1,NA,NA,97.99,36.22,0.0035,0.0071,NA,table 1,table 5 - column 3,NA,0
he et al. (2016),319,https://www.sciencedirect.com/science/article/abs/pii/S0095069616300237,JEEM,2016,economics,"34 urban districts, china",instrumental variable,monthly standardized non-cvr mortality rate - age 70-74,mortality,old,0,pm10,monthly,1930,1 µg/m³ increase in pm10,0,0,1,NA,NA,97.99,36.22,0.0013,0.0085,NA,table 1,table 5 - column 3,NA,0
he et al. (2016),320,https://www.sciencedirect.com/science/article/abs/pii/S0095069616300237,JEEM,2016,economics,"34 urban districts, china",instrumental variable,monthly standardized non-cvr mortality rate - age 75-79,mortality,old,0,pm10,monthly,1930,1 µg/m³ increase in pm10,0,0,1,NA,NA,97.99,36.22,0.0083,0.0072,NA,table 1,table 5 - column 3,NA,0
he et al. (2016),321,https://www.sciencedirect.com/science/article/abs/pii/S0095069616300237,JEEM,2016,economics,"34 urban districts, china",instrumental variable,monthly standardized non-cvr mortality rate - age 80-84,mortality,old,0,pm10,monthly,1930,1 µg/m³ increase in pm10,0,0,1,NA,NA,97.99,36.22,0.0096,0.0063,NA,table 1,table 5 - column 3,NA,0
he et al. (2016),322,https://www.sciencedirect.com/science/article/abs/pii/S0095069616300237,JEEM,2016,economics,"34 urban districts, china",instrumental variable,monthly standardized non-cvr mortality rate - age 85+,mortality,old,0,pm10,monthly,1930,1 µg/m³ increase in pm10,0,0,1,NA,NA,97.99,36.22,0.0019,0.0134,NA,table 1,table 5 - column 3,NA,0
he et al. (2016),323,https://www.sciencedirect.com/science/article/abs/pii/S0095069616300237,JEEM,2016,economics,"34 urban districts, china",conventional time series,monthly standardized mortality rate,mortality,all,0,pm10,monthly,1930,1 µg/m³ increase in pm10,0,0,1,4.12,1.61,97.99,36.22,0.003,0.002,NA,table 1,table 10 - column 4,NA,0
he et al. (2016),324,https://www.sciencedirect.com/science/article/abs/pii/S0095069616300237,JEEM,2016,economics,"34 urban districts, china",conventional time series,monthly standardized cvr mortality rate,mortality,all,0,pm10,monthly,1930,1 µg/m³ increase in pm10,0,0,1,1.85,0.89,97.99,36.22,0.004,0.003,NA,table 1,table 10 - column 8,NA,0
he et al. (2020),325,"https://www.sciencedirect.com/science/article/abs/pii/S0304387820300432#:~:text=We%20find%20that%20straw%20burning,sensitive%20to%20straw%20burning%20pollution.",Journal of Development Economics,2020,economics,china,reduced-form,monthly number of deaths for all-causes,mortality,all,0,straw burning,monthly,1538,1 straw burning,0,0,1,189,141,2,7.8,0.156,0.08,NA,table 1,table 3 - column 2,NA,0
he et al. (2020),326,"https://www.sciencedirect.com/science/article/abs/pii/S0304387820300432#:~:text=We%20find%20that%20straw%20burning,sensitive%20to%20straw%20burning%20pollution.",Journal of Development Economics,2020,economics,china,reduced-form,monthly number of deaths for cardiorespiratory causes,mortality,all,0,straw burning,monthly,1538,1 straw burning,0,0,1,114,87,2,7.8,0.182,0.081,NA,table 1,table 3 - column 4,NA,0
he et al. (2020),327,"https://www.sciencedirect.com/science/article/abs/pii/S0304387820300432#:~:text=We%20find%20that%20straw%20burning,sensitive%20to%20straw%20burning%20pollution.",Journal of Development Economics,2020,economics,china,reduced-form,monthly number of deaths for non-cardiorespiratory causes,mortality,all,1,straw burning,monthly,1538,1 straw burning,0,0,1,54,43,2,7.8,-0.058,0.096,NA,table 1,table 3 - column 6,NA,0
he et al. (2020),328,"https://www.sciencedirect.com/science/article/abs/pii/S0304387820300432#:~:text=We%20find%20that%20straw%20burning,sensitive%20to%20straw%20burning%20pollution.",Journal of Development Economics,2020,economics,china,reduced-form,monthly number of deaths for all-causes - age 60+,mortality,old,0,straw burning,monthly,1538,1 straw burning,0,0,1,149.2,114.4,2,7.8,0.153,0.07,NA,table 1,table 3 - column 2,NA,0
he et al. (2020),329,"https://www.sciencedirect.com/science/article/abs/pii/S0304387820300432#:~:text=We%20find%20that%20straw%20burning,sensitive%20to%20straw%20burning%20pollution.",Journal of Development Economics,2020,economics,china,reduced-form,monthly number of deaths for all-causes - age 40-59,mortality,age 40-59,0,straw burning,monthly,1538,1 straw burning,0,0,1,31,23.5,2,7.8,0.307,0.141,NA,table 1,table 7 - column 2,NA,0
he et al. (2020),330,"https://www.sciencedirect.com/science/article/abs/pii/S0304387820300432#:~:text=We%20find%20that%20straw%20burning,sensitive%20to%20straw%20burning%20pollution.",Journal of Development Economics,2020,economics,china,reduced-form,monthly number of deaths for all-causes - age 20-39,mortality,age 20-39,0,straw burning,monthly,1538,1 straw burning,0,0,1,2.2,2.4,2,7.8,-0.096,0.222,NA,table 1,table 7 - column 2,NA,0
he et al. (2020),331,"https://www.sciencedirect.com/science/article/abs/pii/S0304387820300432#:~:text=We%20find%20that%20straw%20burning,sensitive%20to%20straw%20burning%20pollution.",Journal of Development Economics,2020,economics,china,reduced-form,monthly number of deaths for all-causes - age 5-19,mortality,children/young,0,straw burning,monthly,1538,1 straw burning,0,0,1,1.3,1.7,2,7.8,0.229,0.242,NA,table 1,table 7 - column 2,NA,0
he et al. (2020),332,"https://www.sciencedirect.com/science/article/abs/pii/S0304387820300432#:~:text=We%20find%20that%20straw%20burning,sensitive%20to%20straw%20burning%20pollution.",Journal of Development Economics,2020,economics,china,reduced-form,monthly number of deaths for all-causes - age 1-4,mortality,children,0,straw burning,monthly,1538,1 straw burning,0,0,1,0.6,1,2,7.8,0.117,0.185,NA,table 1,table 7 - column 2,NA,0
he et al. (2020),333,"https://www.sciencedirect.com/science/article/abs/pii/S0304387820300432#:~:text=We%20find%20that%20straw%20burning,sensitive%20to%20straw%20burning%20pollution.",Journal of Development Economics,2020,economics,china,reduced-form,monthly number of deaths for all-causes - age 0,mortality,infant,0,straw burning,monthly,1538,1 straw burning,0,0,1,1.4,1.9,2,7.8,0.262,0.208,NA,table 1,table 7 - column 2,NA,0
he et al. (2020),334,"https://www.sciencedirect.com/science/article/abs/pii/S0304387820300432#:~:text=We%20find%20that%20straw%20burning,sensitive%20to%20straw%20burning%20pollution.",Journal of Development Economics,2020,economics,china,instrumental variable,monthly number of deaths for all-causes - age 60+,mortality,old,0,pm2.5,monthly,1538,1 µg/m³ increase in pm2.5,0,0,1,149.2,114.4,49.2,24.2,0.32,0.12,NA,table 1,table 7 - column 4,NA,0
he et al. (2020),335,"https://www.sciencedirect.com/science/article/abs/pii/S0304387820300432#:~:text=We%20find%20that%20straw%20burning,sensitive%20to%20straw%20burning%20pollution.",Journal of Development Economics,2020,economics,china,instrumental variable,monthly number of deaths for all-causes - age 40-59,mortality,age 40-59,0,pm2.5,monthly,1538,1 µg/m³ increase in pm2.5,0,0,1,31,23.5,49.2,24.2,0.641,0.266,NA,table 1,table 7 - column 4,NA,0
he et al. (2020),336,"https://www.sciencedirect.com/science/article/abs/pii/S0304387820300432#:~:text=We%20find%20that%20straw%20burning,sensitive%20to%20straw%20burning%20pollution.",Journal of Development Economics,2020,economics,china,instrumental variable,monthly number of deaths for all-causes - age 20-39,mortality,age 20-39,0,pm2.5,monthly,1538,1 µg/m³ increase in pm2.5,0,0,1,2.2,2.4,49.2,24.2,-0.2,0.468,NA,table 1,table 7 - column 4,NA,0
he et al. (2020),337,"https://www.sciencedirect.com/science/article/abs/pii/S0304387820300432#:~:text=We%20find%20that%20straw%20burning,sensitive%20to%20straw%20burning%20pollution.",Journal of Development Economics,2020,economics,china,instrumental variable,monthly number of deaths for all-causes - age 5-19,mortality,children/young,0,pm2.5,monthly,1538,1 µg/m³ increase in pm2.5,0,0,1,1.3,1.7,49.2,24.2,0.478,0.567,NA,table 1,table 7 - column 4,NA,0
he et al. (2020),338,"https://www.sciencedirect.com/science/article/abs/pii/S0304387820300432#:~:text=We%20find%20that%20straw%20burning,sensitive%20to%20straw%20burning%20pollution.",Journal of Development Economics,2020,economics,china,instrumental variable,monthly number of deaths for all-causes - age 1-4,mortality,children,0,pm2.5,monthly,1538,1 µg/m³ increase in pm2.5,0,0,1,0.6,1,49.2,24.2,0.245,0.415,NA,table 1,table 7 - column 4,NA,0
he et al. (2020),339,"https://www.sciencedirect.com/science/article/abs/pii/S0304387820300432#:~:text=We%20find%20that%20straw%20burning,sensitive%20to%20straw%20burning%20pollution.",Journal of Development Economics,2020,economics,china,instrumental variable,monthly number of deaths for all-causes - age 0,mortality,infant,0,pm2.5,monthly,1538,1 µg/m³ increase in pm2.5,0,0,1,1.4,1.9,49.2,24.2,0.617,0.533,NA,table 1,table 7 - column 2,NA,0
he et al. (2020),340,"https://www.sciencedirect.com/science/article/abs/pii/S0304387820300432#:~:text=We%20find%20that%20straw%20burning,sensitive%20to%20straw%20burning%20pollution.",Journal of Development Economics,2020,economics,china,instrumental variable,monthly number of deaths for all-causes,mortality,all,0,pm2.5,monthly,1538,1 µg/m³ increase in pm2.5,0,0,1,189,141,49.2,24.2,0.325,0.143,NA,table 1,table 3 - column 2,NA,0
he et al. (2020),341,"https://www.sciencedirect.com/science/article/abs/pii/S0304387820300432#:~:text=We%20find%20that%20straw%20burning,sensitive%20to%20straw%20burning%20pollution.",Journal of Development Economics,2020,economics,china,instrumental variable,monthly number of deaths for cardiorespiratory causes,mortality,all,0,pm2.5,monthly,1538,1 µg/m³ increase in pm2.5,0,0,1,114,87,49.2,24.2,0.38,0.148,NA,table 1,table 3 - column 4,NA,0
he et al. (2020),342,"https://www.sciencedirect.com/science/article/abs/pii/S0304387820300432#:~:text=We%20find%20that%20straw%20burning,sensitive%20to%20straw%20burning%20pollution.",Journal of Development Economics,2020,economics,china,instrumental variable,monthly number of deaths for non-cardiorespiratory causes,mortality,all,1,pm2.5,monthly,1538,1 µg/m³ increase in pm2.5,0,0,1,54,43,49.2,24.2,-0.121,0.21,NA,table 1,table 3 - column 6,NA,0
he et al. (2020),343,"https://www.sciencedirect.com/science/article/abs/pii/S0304387820300432#:~:text=We%20find%20that%20straw%20burning,sensitive%20to%20straw%20burning%20pollution.",Journal of Development Economics,2020,economics,china,conventional time series,monthly number of deaths for all-causes,mortality,all,0,pm2.5,monthly,1538,1 µg/m³ increase in pm2.5,0,0,1,189,141,49.2,24.2,0.032,0.023,NA,table 1,table 3 - column 2,NA,0
he et al. (2020),344,"https://www.sciencedirect.com/science/article/abs/pii/S0304387820300432#:~:text=We%20find%20that%20straw%20burning,sensitive%20to%20straw%20burning%20pollution.",Journal of Development Economics,2020,economics,china,conventional time series,monthly number of deaths for cardiorespiratory causes,mortality,all,0,pm2.5,monthly,1538,1 µg/m³ increase in pm2.5,0,0,1,114,87,49.2,24.2,0.047,0.038,NA,table 1,table 3 - column 4,NA,0
he et al. (2020),345,"https://www.sciencedirect.com/science/article/abs/pii/S0304387820300432#:~:text=We%20find%20that%20straw%20burning,sensitive%20to%20straw%20burning%20pollution.",Journal of Development Economics,2020,economics,china,conventional time series,monthly number of deaths for non-cardiorespiratory causes,mortality,all,1,pm2.5,monthly,1538,1 µg/m³ increase in pm2.5,0,0,1,54,43,49.2,24.2,-0.025,0.047,NA,table 1,table 3 - column 6,NA,0
jans et al. (2018),346,https://www.sciencedirect.com/science/article/abs/pii/S0167629616300704,Journal of Health Economics,2018,economics,sweden,reduced-form,"health care visits for respiratory illness per 10,000 children",morbidity,children,0,inversion dummy,daily,34156,inversion dummy,1,0,0,2.073,1.59,NA,NA,0.104,0.028,NA,table 1,table 3 - column 5,NA,0
jia et al. (2019),347,https://academic.oup.com/ej/article-abstract/129/624/3154/5505829?redirectedFrom=fulltext,The Economic Journal,2019,economics,south korea,reduced-form,mortality rates for cancers,mortality,all,1,dusty days times china's aqi,monthly,28024,"interaction of number of days with dust with china's mean aqi (number of days set to 1 and aqi to 12, its sd)",0,0,0,16.3,9.32,NA,NA,-0.008,0.02,NA,table 1,table 2 - column 8,NA,0
jia et al. (2019),348,https://academic.oup.com/ej/article-abstract/129/624/3154/5505829?redirectedFrom=fulltext,The Economic Journal,2019,economics,south korea,reduced-form,mortality rates for accidents,mortality,all,1,dusty days times china's aqi,monthly,28024,"interaction of number of days with dust with china's mean aqi (number of days set to 1 and aqi to 12, its sd)",0,0,0,4.21,3.68,NA,NA,0.007,0.009,NA,table 1,table 2 - column 9,NA,0
jia et al. (2019),349,https://academic.oup.com/ej/article-abstract/129/624/3154/5505829?redirectedFrom=fulltext,The Economic Journal,2019,economics,south korea,reduced-form,mortality rates for respiratory and cardiovascular diseases,mortality,all,0,dusty days times china's aqi,monthly,28024,"interaction of number of days with dust with china's mean aqi (number of days set to 1 and aqi to 12, its sd)",0,0,0,12.23,8.27,NA,NA,0.04,0.019,NA,table 1,table 2 - column 7,NA,0
jia et al. (2019),350,https://academic.oup.com/ej/article-abstract/129/624/3154/5505829?redirectedFrom=fulltext,The Economic Journal,2019,economics,south korea,reduced-form,mortality rates for respiratory and cardiovascular diseases - age 15–34,mortality,age 15–34,0,dusty days times china's aqi,monthly,28024,"interaction of number of days with dust with china's mean aqi (number of days set to 1 and aqi to 12, its sd)",0,0,0,0.43,1.92,NA,NA,0.005,0.007,NA,table 1,table 3 - column 1,NA,0
jia et al. (2019),351,https://academic.oup.com/ej/article-abstract/129/624/3154/5505829?redirectedFrom=fulltext,The Economic Journal,2019,economics,south korea,reduced-form,mortality rates for respiratory and cardiovascular diseases - age 35–54,mortality,age 35–54,0,dusty days times china's aqi,monthly,28024,"interaction of number of days with dust with china's mean aqi (number of days set to 1 and aqi to 12, its sd)",0,0,0,2.75,4.26,NA,NA,0.012,0.015,NA,table 1,table 3 - column 2,NA,0
jia et al. (2019),352,https://academic.oup.com/ej/article-abstract/129/624/3154/5505829?redirectedFrom=fulltext,The Economic Journal,2019,economics,south korea,reduced-form,mortality rates for respiratory and cardiovascular diseases - age 55–74,mortality,age 55–74,0,dusty days times china's aqi,monthly,28024,"interaction of number of days with dust with china's mean aqi (number of days set to 1 and aqi to 12, its sd)",0,0,0,18.91,12.06,NA,NA,0.104,0.043,NA,table 1,table 3 - column 3,NA,0
jia et al. (2019),353,https://academic.oup.com/ej/article-abstract/129/624/3154/5505829?redirectedFrom=fulltext,The Economic Journal,2019,economics,south korea,reduced-form,mortality rates for respiratory and cardiovascular diseases - age 75+,mortality,old,0,dusty days times china's aqi,monthly,28024,"interaction of number of days with dust with china's mean aqi (number of days set to 1 and aqi to 12, its sd)",0,0,0,148.22,70.61,NA,NA,0.682,0.249,NA,table 1,table 3 - column 4,NA,0
jia et al. (2019),354,https://academic.oup.com/ej/article-abstract/129/624/3154/5505829?redirectedFrom=fulltext,The Economic Journal,2019,economics,south korea,reduced-form,mortality rates for respiratory and cardiovascular diseases - infant all internal causes,mortality,infant,0,dusty days times china's aqi,monthly,28024,"interaction of number of days with dust with china's mean aqi (number of days set to 1 and aqi to 12, its sd)",0,0,0,37.94,92.01,NA,NA,0.414,0.272,NA,table 1,table 3 - column 5,NA,0
jia et al. (2019),355,https://academic.oup.com/ej/article-abstract/129/624/3154/5505829?redirectedFrom=fulltext,The Economic Journal,2019,economics,south korea,reduced-form,mortality rates for respiratory and cardiovascular diseases - children under 5 all internal causes,mortality,children,0,dusty days times china's aqi,monthly,28024,"interaction of number of days with dust with china's mean aqi (number of days set to 1 and aqi to 12, its sd)",0,0,0,8.44,17.8,NA,NA,0.109,0.058,NA,table 1,table 3 - column 6,NA,0
kim et al. (2021),356,https://link.springer.com/article/10.1007/s10640-021-00553-1,Environmental and Resource Economics,2021,economics,south korea,conventional time series,hospital admissions for respiratory illnesses,morbidity,all,0,pm10,daily,58372,1 µg/m³ increase in pm10,0,0,0,526.23,659.97,49.23,30.93,0.1473444,0.0210492,NA,table 1,table  5 - column 3,had to convert the estimates because poisson model was used,0
kim et al. (2021),357,https://link.springer.com/article/10.1007/s10640-021-00553-1,Environmental and Resource Economics,2021,economics,south korea,conventional time series,hospital admissions for respiratory illnesses,morbidity,all,0,o3,daily,58372,1 ppb increase in o3,0,0,0,526.23,659.97,25.53,11.57,0.5051808,0.0841968,NA,table 1,table 5 - column 5,had to convert the estimates because poisson model was used,0
kim et al. (2021),358,https://link.springer.com/article/10.1007/s10640-021-00553-1,Environmental and Resource Economics,2021,economics,south korea,instrumental variable,hospital admissions for respiratory illnesses,morbidity,all,0,pm10,daily,58372,1 µg/m³ increase in pm10,0,0,0,526.23,659.97,49.23,30.93,2.125969,0.6683121,NA,table 1,table  6 - column 3,NA,0
kim et al. (2021),359,https://link.springer.com/article/10.1007/s10640-021-00553-1,Environmental and Resource Economics,2021,economics,south korea,instrumental variable,hospital admissions for respiratory illnesses,morbidity,all,0,o3,daily,58372,1 ppb increase in o3,0,0,0,526.23,659.97,25.53,11.57,5.72012,1.18928,NA,table 1,table 6 - column 5,NA,0
knittel et al. (2016),360,https://direct.mit.edu/rest/article-abstract/98/2/350/58332/Caution-Drivers-Children-Present-Traffic-Pollution,ReStat,2016,economics,"california, usa",reduced-form,infant mortality - hazard rate probability,mortality,infant,0,cars within 0–5 miles (10 million),weekly,75777503,cars within 0–5 miles (10 million),0,0,0,NA,0.4033333,0.91,0.05,0.0484,0.024,NA,table 2,table 4,we had to find the standard deviation of the health outcome using the standardization of column 1 in table 4,0
knittel et al. (2016),361,https://direct.mit.edu/rest/article-abstract/98/2/350/58332/Caution-Drivers-Children-Present-Traffic-Pollution,ReStat,2016,economics,"california, usa",instrumental variable,infant mortality - hazard rate probability,mortality,infant,0,pm10,weekly,73109698,1 µg/m³ increase in pm10,0,0,0,NA,0.4033333,28.94,12.89,0.0019,9e-4,NA,tables 1 and 4,table 8 - column 4,we had to find the standard deviation of the health outcome using the standardization of column 1 in table 4,0
knittel et al. (2016),362,https://direct.mit.edu/rest/article-abstract/98/2/350/58332/Caution-Drivers-Children-Present-Traffic-Pollution,ReStat,2016,economics,"california, usa",instrumental variable,infant mortality - hazard rate probability,mortality,infant,0,co,weekly,73109698,1 part per million increase in co,0,0,0,NA,0.4033333,1.01,0.52,0.0158,0.0262,NA,tables 1 and 4,table 8 - column 4,we had to find the standard deviation of the health outcome using the standardization of column 1 in table 4,0
knittel et al. (2016),363,https://direct.mit.edu/rest/article-abstract/98/2/350/58332/Caution-Drivers-Children-Present-Traffic-Pollution,ReStat,2016,economics,"california, usa",conventional time series,infant mortality - hazard rate probability,mortality,infant,0,pm10,weekly,73109698,1 µg/m³ increase in pm10,0,0,0,NA,0.4033333,28.94,12.89,-1e-4,1e-4,NA,tables 1 and 4,table 8 - column 4,we had to find the standard deviation of the health outcome using the standardization of column 1 in table 4,0
knittel et al. (2016),364,https://direct.mit.edu/rest/article-abstract/98/2/350/58332/Caution-Drivers-Children-Present-Traffic-Pollution,ReStat,2016,economics,"california, usa",conventional time series,infant mortality - hazard rate probability,mortality,infant,0,co,weekly,73109698,1 part per million increase in co,0,0,0,NA,0.4033333,1.01,0.52,0.0025,0.0058,NA,tables 1 and 4,table 8 - column 4,we had to find the standard deviation of the health outcome using the standardization of column 1 in table 4,0
liu et al. (2020),365,https://onlinelibrary.wiley.com/doi/abs/10.1002/hec.4221,Health Economics,2020,economics,taiwan,instrumental variable,respiratory‐related outpatient expenditures,morbidity,all,0,aqi,daily,746966,one-unit increase in aqi,0,0,0,135,80,32.29,11.8,0.3888,0.1871,NA,table 1,table 3 - column 3,NA,0
liu et al. (2020),366,https://onlinelibrary.wiley.com/doi/abs/10.1002/hec.4221,Health Economics,2020,economics,taiwan,conventional time series,respiratory‐related outpatient expenditures,morbidity,all,0,aqi,daily,746966,one-unit increase in aqi,0,0,0,135,80,32.29,11.8,0.0334,0.0144,NA,table 1,table 3 - column 3,NA,0
liu et al. (2020),367,https://onlinelibrary.wiley.com/doi/abs/10.1002/hec.4221,Health Economics,2020,economics,taiwan,instrumental variable,outpatient visits per patient for respiratory diseases,morbidity,all,0,aqi,daily,746966,one-unit increase in aqi,0,0,0,0.33,0.15,32.29,11.8,0.0014,3e-4,NA,table 1,table 3 - column 6,NA,0
liu et al. (2020),368,https://onlinelibrary.wiley.com/doi/abs/10.1002/hec.4221,Health Economics,2020,economics,taiwan,conventional time series,outpatient visits per patient for respiratory diseases,morbidity,all,0,aqi,daily,746966,one-unit increase in aqi,0,0,0,0.33,0.15,32.29,11.8,1e-4,0,NA,table 1,table 3 - column 6,NA,0
liu et al. (2020),369,https://onlinelibrary.wiley.com/doi/abs/10.1002/hec.4221,Health Economics,2020,economics,taiwan,instrumental variable,external injuries‐related outpatient expenditures,morbidity,all,0,aqi,daily,522927,one-unit increase in aqi,0,0,0,NA,NA,32.29,11.8,1.6478,1.5696,NA,?,table 6 - column 3,NA,0
liu et al. (2020),370,https://onlinelibrary.wiley.com/doi/abs/10.1002/hec.4221,Health Economics,2020,economics,taiwan,instrumental variable,outpatient visits per patient for external injuries,morbidity,all,0,aqi,daily,522927,one-unit increase in aqi,0,0,0,NA,NA,32.29,11.8,4e-4,3e-4,NA,?,table 6 - column 6,NA,0
moretti et al. (2011),371,http://jhr.uwpress.org/content/46/1/154.abstract,JHR,2011,economics,"south california, usa",conventional time series,hospital admissions for other respiratory illnesses,morbidity,all,0,ozone,daily,1927187,5-day increase in ozone of 1 ppm,0,0,0,0.027,0.167,0.05,0.018,0.043,0.011,NA,table 1,table 5 - column 4,NA,0
moretti et al. (2011),372,http://jhr.uwpress.org/content/46/1/154.abstract,JHR,2011,economics,"south california, usa",conventional time series,hospital admissions for bronchitis/asthma,morbidity,all,0,ozone,daily,1927187,5-day increase in ozone of 1 ppm,0,0,0,0.033,0.186,0.05,0.018,0.038,0.014,NA,table 1,table 5 - column 3,NA,0
moretti et al. (2011),373,http://jhr.uwpress.org/content/46/1/154.abstract,JHR,2011,economics,"south california, usa",conventional time series,hospital admissions for pneumonia,morbidity,all,0,ozone,daily,1927187,5-day increase in ozone of 1 ppm,0,0,0,0.037,0.199,0.05,0.018,0.032,0.014,NA,table 1,table 5 - column 2,NA,0
moretti et al. (2011),374,http://jhr.uwpress.org/content/46/1/154.abstract,JHR,2011,economics,"south california, usa",conventional time series,hospital admissions for respiratory illnesses,morbidity,all,0,ozone,daily,1927187,5-day increase in ozone of 1 ppm,0,0,0,0.097,0.333,0.05,0.018,0.113,0.023,NA,table 1,table 3 - column 1,NA,0
moretti et al. (2011),375,http://jhr.uwpress.org/content/46/1/154.abstract,JHR,2011,economics,"south california, usa",instrumental variable,hospital admissions for respiratory illnesses,morbidity,all,0,ozone,daily,1927187,5-day increase in ozone of 1 ppm,0,0,0,0.097,0.333,0.05,0.018,0.442,0.162,NA,table 1,table 3 - column 3,NA,0
moretti et al. (2011),376,http://jhr.uwpress.org/content/46/1/154.abstract,JHR,2011,economics,"south california, usa",instrumental variable,hospital admissions for other respiratory illnesses,morbidity,all,0,ozone,daily,1927187,5-day increase in ozone of 1 ppm,0,0,0,0.027,0.167,0.05,0.018,0.032,0.08,NA,table 1,table 5 - column 4,NA,0
moretti et al. (2011),377,http://jhr.uwpress.org/content/46/1/154.abstract,JHR,2011,economics,"south california, usa",instrumental variable,hospital admissions for bronchitis/asthma,morbidity,all,0,ozone,daily,1927187,5-day increase in ozone of 1 ppm,0,0,0,0.033,0.186,0.05,0.018,0.145,0.103,NA,table 1,table 5 - column 3,NA,0
moretti et al. (2011),378,http://jhr.uwpress.org/content/46/1/154.abstract,JHR,2011,economics,"south california, usa",instrumental variable,hospital admissions for pneumonia,morbidity,all,0,ozone,daily,1927187,5-day increase in ozone of 1 ppm,0,0,0,0.037,0.199,0.05,0.018,0.277,0.101,NA,table 1,table 5 - column 2,NA,0
mullins et al. (2014),379,https://onlinelibrary.wiley.com/doi/abs/10.1093/ajae/aau081,American Journal of Agricutural Economics,2014,economics,"santiago metropole, chile",difference in differences with matching,cumulative deaths - (age > 64),mortality,old,0,did interaction,daily,119,did interaction,1,0,0,64.641,NA,NA,NA,-21.824,10.32,NA,table 3,table 3 - column 2,NA,0
mullins et al. (2014),380,https://onlinelibrary.wiley.com/doi/abs/10.1093/ajae/aau081,American Journal of Agricutural Economics,2014,economics,"santiago metropole, chile",difference in differences with matching,cumulative respiratory deaths - (age > 64),mortality,old,0,did interaction,daily,101,did interaction,1,0,0,10.971,NA,NA,NA,-7.767,4.49,NA,table 3,table 3 - column 3,NA,0
mullins et al. (2014),381,https://onlinelibrary.wiley.com/doi/abs/10.1093/ajae/aau081,American Journal of Agricutural Economics,2014,economics,"santiago metropole, chile",difference in differences with matching,cumulative deaths - all ages,mortality,all,0,did interaction,daily,119,did interaction,1,0,0,94.23,NA,NA,NA,-37.418,12.82,NA,table 4,table 4 - column 1,NA,0
mullins et al. (2014),382,https://onlinelibrary.wiley.com/doi/abs/10.1093/ajae/aau081,American Journal of Agricutural Economics,2014,economics,"santiago metropole, chile",difference in differences with matching,cumulative respiratory deaths - all ages,mortality,all,0,did interaction,daily,101,did interaction,1,0,0,12.72,NA,NA,NA,-5.082,5.71,NA,table 4,table 4 - column 2,NA,0
mullins et al. (2014),383,https://onlinelibrary.wiley.com/doi/abs/10.1093/ajae/aau081,American Journal of Agricutural Economics,2014,economics,"santiago metropole, chile",difference in differences with matching,cumulative circulatory deaths - all ages,mortality,all,0,did interaction,daily,101,did interaction,1,0,0,27.62,NA,NA,NA,-5.104,9.14,NA,table 4,table 4 - column 3,NA,0
mullins et al. (2014),384,https://onlinelibrary.wiley.com/doi/abs/10.1093/ajae/aau081,American Journal of Agricutural Economics,2014,economics,"santiago metropole, chile",difference in differences with matching,cumulative cancer deaths - all ages,mortality,all,1,did interaction,daily,101,did interaction,1,0,0,20.41,NA,NA,NA,-9.947,7.41,NA,table 4,table 4 - column 4,NA,0
mullins et al. (2014),385,https://onlinelibrary.wiley.com/doi/abs/10.1093/ajae/aau081,American Journal of Agricutural Economics,2014,economics,"santiago metropole, chile",difference in differences with matching,cumulative circulatory deaths -(age > 64),mortality,old,0,did interaction,daily,101,did interaction,1,0,0,22.36,NA,NA,NA,0.117,7.39,NA,table 4,table 4 - column 8,NA,0
mullins et al. (2014),386,https://onlinelibrary.wiley.com/doi/abs/10.1093/ajae/aau081,American Journal of Agricutural Economics,2014,economics,"santiago metropole, chile",difference in differences with matching,cumulative cancer deaths -(age > 64),mortality,old,1,did interaction,daily,101,did interaction,1,0,0,13.28,NA,NA,NA,-9.972,6.62,NA,table 4,table 4 - column 8,NA,0
schlenker et al. (2016),387,https://academic.oup.com/restud/article-abstract/83/2/768/2461206?redirectedFrom=fulltext,ReStud,2016,economics,"california, usa",reduced-form,hospital admissions for asthma - all ages,morbidity,all,0,taxi time,daily,179580,1 min in taxi time,0,0,0,169.5,252.9753,3521.417,687.7947,0.01384,0.00272,NA,tables a1 and a3,table 2 - column 1,we compute the average and the standard deviation of taxi time using the airpports data found in table a1. we also did the same procedure for summary statistics on health outcomes by using inpatient and outpatient figures found in table a3.,0
schlenker et al. (2016),388,https://academic.oup.com/restud/article-abstract/83/2/768/2461206?redirectedFrom=fulltext,ReStud,2016,economics,"california, usa",reduced-form,hospital admissions for acute respiratory diagnoses - all ages,morbidity,all,0,taxi time,daily,179580,1 min in taxi time,0,0,0,490.5,482.838,3521.417,687.7947,0.02477,0.00773,NA,tables a1 and a3,table 2 - column 2,we compute the average and the standard deviation of taxi time using the airpports data found in table a1. we also did the same procedure for summary statistics on health outcomes by using inpatient and outpatient figures found in table a3.,0
schlenker et al. (2016),389,https://academic.oup.com/restud/article-abstract/83/2/768/2461206?redirectedFrom=fulltext,ReStud,2016,economics,"california, usa",reduced-form,hospital admissions for all respiratory diagnoses - all ages,morbidity,all,0,taxi time,daily,179580,1 min in taxi time,0,0,0,691,591.14,3521.417,687.7947,0.033890000000000003,0.00982,NA,tables a1 and a3,table 2 - column 3,we compute the average and the standard deviation of taxi time using the airpports data found in table a1. we also did the same procedure for summary statistics on health outcomes by using inpatient and outpatient figures found in table a3.,0
schlenker et al. (2016),390,https://academic.oup.com/restud/article-abstract/83/2/768/2461206?redirectedFrom=fulltext,ReStud,2016,economics,"california, usa",reduced-form,hospital admissions for all heart diagnoses - all ages,morbidity,all,0,taxi time,daily,179580,1 min in taxi time,0,0,0,448,453.562,3521.417,687.7947,0.01935,0.00524,NA,tables a1 and a3,table 2 - column 4,we compute the average and the standard deviation of taxi time using the airpports data found in table a1. we also did the same procedure for summary statistics on health outcomes by using inpatient and outpatient figures found in table a3.,0
schlenker et al. (2016),391,https://academic.oup.com/restud/article-abstract/83/2/768/2461206?redirectedFrom=fulltext,ReStud,2016,economics,"california, usa",reduced-form,hospital admissions for stroke - all ages,morbidity,all,0,taxi time,daily,179580,1 min in taxi time,0,0,0,86,177.9396,3521.417,687.7947,0.00255,0.00171,NA,tables a1 and a3,table 2 - column 5,we compute the average and the standard deviation of taxi time using the airpports data found in table a1. we also did the same procedure for summary statistics on health outcomes by using inpatient and outpatient figures found in table a3.,0
schlenker et al. (2016),392,https://academic.oup.com/restud/article-abstract/83/2/768/2461206?redirectedFrom=fulltext,ReStud,2016,economics,"california, usa",reduced-form,hospital admissions for bone fractures - all ages,morbidity,all,1,taxi time,daily,179580,1 min in taxi time,0,0,0,150,231.6139,3521.417,687.7947,-0.00133,0.00287,NA,tables a1 and a3,table 2 - column 6,we compute the average and the standard deviation of taxi time using the airpports data found in table a1. we also did the same procedure for summary statistics on health outcomes by using inpatient and outpatient figures found in table a3.,0
schlenker et al. (2016),393,https://academic.oup.com/restud/article-abstract/83/2/768/2461206?redirectedFrom=fulltext,ReStud,2016,economics,"california, usa",reduced-form,hospital admissions for appendicitis - all ages,morbidity,all,1,taxi time,daily,179580,1 min in taxi time,0,0,0,17,75.11658,3521.417,687.7947,2.6e-4,6.8e-4,NA,tables a1 and a3,table 2 - column 7,we compute the average and the standard deviation of taxi time using the airpports data found in table a1. we also did the same procedure for summary statistics on health outcomes by using inpatient and outpatient figures found in table a3.,0
schlenker et al. (2016),394,https://academic.oup.com/restud/article-abstract/83/2/768/2461206?redirectedFrom=fulltext,ReStud,2016,economics,"california, usa",reduced-form,hospital admissions for asthma - ages below 5 years,morbidity,children,0,taxi time,daily,179580,1 min in taxi time,0,0,0,280,1232.619,3521.417,687.7947,0.02446,0.01121,NA,tables a1 and a3,table 2 - column 1,we compute the average and the standard deviation of taxi time using the airpports data found in table a1. we also did the same procedure for summary statistics on health outcomes by using inpatient and outpatient figures found in table a3.,0
schlenker et al. (2016),395,https://academic.oup.com/restud/article-abstract/83/2/768/2461206?redirectedFrom=fulltext,ReStud,2016,economics,"california, usa",reduced-form,hospital admissions for acute respiratory diagnoses - ages below 5 years,morbidity,children,0,taxi time,daily,179580,1 min in taxi time,0,0,0,1571.5,3191.384,3521.417,687.7947,0.08428,0.05135,NA,tables a1 and a3,table 2 - column 2,we compute the average and the standard deviation of taxi time using the airpports data found in table a1. we also did the same procedure for summary statistics on health outcomes by using inpatient and outpatient figures found in table a3.,0
schlenker et al. (2016),396,https://academic.oup.com/restud/article-abstract/83/2/768/2461206?redirectedFrom=fulltext,ReStud,2016,economics,"california, usa",reduced-form,hospital admissions for all respiratory diagnoses - ages below 5 years,morbidity,children,0,taxi time,daily,179580,1 min in taxi time,0,0,0,1783.5,3430.067,3521.417,687.7947,0.11612,0.06246,NA,tables a1 and a3,table 2 - column 3,we compute the average and the standard deviation of taxi time using the airpports data found in table a1. we also did the same procedure for summary statistics on health outcomes by using inpatient and outpatient figures found in table a3.,0
schlenker et al. (2016),397,https://academic.oup.com/restud/article-abstract/83/2/768/2461206?redirectedFrom=fulltext,ReStud,2016,economics,"california, usa",reduced-form,hospital admissions for all heart diagnoses - ages below 5 years,morbidity,children,0,taxi time,daily,179580,1 min in taxi time,0,0,0,33.5,442.602,3521.417,687.7947,0.00663,0.00347,NA,tables a1 and a3,table 2 - column 4,we compute the average and the standard deviation of taxi time using the airpports data found in table a1. we also did the same procedure for summary statistics on health outcomes by using inpatient and outpatient figures found in table a3.,0
schlenker et al. (2016),398,https://academic.oup.com/restud/article-abstract/83/2/768/2461206?redirectedFrom=fulltext,ReStud,2016,economics,"california, usa",reduced-form,hospital admissions for stroke - ages below 5 years,morbidity,children,0,taxi time,daily,179580,1 min in taxi time,0,0,0,3.5,138.8614,3521.417,687.7947,8e-4,9.4e-4,NA,tables a1 and a3,table 2 - column 5,we compute the average and the standard deviation of taxi time using the airpports data found in table a1. we also did the same procedure for summary statistics on health outcomes by using inpatient and outpatient figures found in table a3.,0
schlenker et al. (2016),399,https://academic.oup.com/restud/article-abstract/83/2/768/2461206?redirectedFrom=fulltext,ReStud,2016,economics,"california, usa",reduced-form,hospital admissions for bone fractures - ages below 5 years,morbidity,children,1,taxi time,daily,179580,1 min in taxi time,0,0,0,98,741.483,3521.417,687.7947,0.00216,0.00584,NA,tables a1 and a3,table 2 - column 6,we compute the average and the standard deviation of taxi time using the airpports data found in table a1. we also did the same procedure for summary statistics on health outcomes by using inpatient and outpatient figures found in table a3.,0
schlenker et al. (2016),400,https://academic.oup.com/restud/article-abstract/83/2/768/2461206?redirectedFrom=fulltext,ReStud,2016,economics,"california, usa",reduced-form,hospital admissions for appendicitis - ages below 5 years,morbidity,children,1,taxi time,daily,179580,1 min in taxi time,0,0,0,4.5,137.6408,3521.417,687.7947,-2.9e-4,0.00138,NA,tables a1 and a3,table 2 - column 7,we compute the average and the standard deviation of taxi time using the airpports data found in table a1. we also did the same procedure for summary statistics on health outcomes by using inpatient and outpatient figures found in table a3.,0
schlenker et al. (2016),401,https://academic.oup.com/restud/article-abstract/83/2/768/2461206?redirectedFrom=fulltext,ReStud,2016,economics,"california, usa",reduced-form,hospital admissions for asthma - age 65 years and above,morbidity,old,0,taxi time,daily,179580,1 min in taxi time,0,0,0,315,1068.967,3521.417,687.7947,0.03689,0.01139,NA,tables a1 and a3,table 2 - column 1,we compute the average and the standard deviation of taxi time using the airpports data found in table a1. we also did the same procedure for summary statistics on health outcomes by using inpatient and outpatient figures found in table a3.,0
schlenker et al. (2016),402,https://academic.oup.com/restud/article-abstract/83/2/768/2461206?redirectedFrom=fulltext,ReStud,2016,economics,"california, usa",reduced-form,hospital admissions for acute respiratory diagnoses - age 65 years and above,morbidity,old,0,taxi time,daily,179580,1 min in taxi time,0,0,0,964,1873.328,3521.417,687.7947,0.0638,0.01643,NA,tables a1 and a3,table 2 - column 2,we compute the average and the standard deviation of taxi time using the airpports data found in table a1. we also did the same procedure for summary statistics on health outcomes by using inpatient and outpatient figures found in table a3.,0
schlenker et al. (2016),403,https://academic.oup.com/restud/article-abstract/83/2/768/2461206?redirectedFrom=fulltext,ReStud,2016,economics,"california, usa",reduced-form,hospital admissions for all respiratory diagnoses - age 65 years and above,morbidity,old,0,taxi time,daily,179580,1 min in taxi time,0,0,0,1947.5,2713.971,3521.417,687.7947,0.10053,0.02525,NA,tables a1 and a3,table 2 - column 3,we compute the average and the standard deviation of taxi time using the airpports data found in table a1. we also did the same procedure for summary statistics on health outcomes by using inpatient and outpatient figures found in table a3.,0
schlenker et al. (2016),404,https://academic.oup.com/restud/article-abstract/83/2/768/2461206?redirectedFrom=fulltext,ReStud,2016,economics,"california, usa",reduced-form,hospital admissions for all heart diagnoses - age 65 years and above,morbidity,old,0,taxi time,daily,179580,1 min in taxi time,0,0,0,2803,3269.01,3521.417,687.7947,0.15654,0.03698,NA,tables a1 and a3,table 2 - column 4,we compute the average and the standard deviation of taxi time using the airpports data found in table a1. we also did the same procedure for summary statistics on health outcomes by using inpatient and outpatient figures found in table a3.,0
schlenker et al. (2016),405,https://academic.oup.com/restud/article-abstract/83/2/768/2461206?redirectedFrom=fulltext,ReStud,2016,economics,"california, usa",reduced-form,hospital admissions for stroke - age 65 years and above,morbidity,old,0,taxi time,daily,179580,1 min in taxi time,0,0,0,577,1424.584,3521.417,687.7947,0.02287,0.01295,NA,tables a1 and a3,table 2 - column 5,we compute the average and the standard deviation of taxi time using the airpports data found in table a1. we also did the same procedure for summary statistics on health outcomes by using inpatient and outpatient figures found in table a3.,0
schlenker et al. (2016),406,https://academic.oup.com/restud/article-abstract/83/2/768/2461206?redirectedFrom=fulltext,ReStud,2016,economics,"california, usa",reduced-form,hospital admissions for bone fractures - age 65 years and above,morbidity,old,1,taxi time,daily,179580,1 min in taxi time,0,0,0,340.5,1080.004,3521.417,687.7947,0.01913,0.00995,NA,tables a1 and a3,table 2 - column 6,we compute the average and the standard deviation of taxi time using the airpports data found in table a1. we also did the same procedure for summary statistics on health outcomes by using inpatient and outpatient figures found in table a3.,0
schlenker et al. (2016),407,https://academic.oup.com/restud/article-abstract/83/2/768/2461206?redirectedFrom=fulltext,ReStud,2016,economics,"california, usa",reduced-form,hospital admissions for appendicitis - age 65 years and above,morbidity,old,1,taxi time,daily,179580,1 min in taxi time,0,0,0,11.5,202.7375,3521.417,687.7947,7.5e-4,0.00121,NA,tables a1 and a3,table 2 - column 7,we compute the average and the standard deviation of taxi time using the airpports data found in table a1. we also did the same procedure for summary statistics on health outcomes by using inpatient and outpatient figures found in table a3.,0
schlenker et al. (2016),408,https://academic.oup.com/restud/article-abstract/83/2/768/2461206?redirectedFrom=fulltext,ReStud,2016,economics,"california, usa",conventional time series,hospital admissions for asthma - all ages,morbidity,all,0,co,daily,179580,1 ppb increase in co,0,0,0,169.5,252.9753,576,368,0.011,0.007,NA,tables a2 and a3,table 3 - column 1,we computed the mean average and standard deviation for the health outcomes by using inpatient and outpatient figures found in table a3.,0
schlenker et al. (2016),409,https://academic.oup.com/restud/article-abstract/83/2/768/2461206?redirectedFrom=fulltext,ReStud,2016,economics,"california, usa",conventional time series,hospital admissions for acute respiratory diagnoses - all ages,morbidity,all,0,co,daily,179580,1 ppb increase in co,0,0,0,490.5,482.838,576,368,0.049,0.018,NA,tables a2 and a3,table 3 - column 2,we computed the mean average and standard deviation for the health outcomes by using inpatient and outpatient figures found in table a3.,0
schlenker et al. (2016),410,https://academic.oup.com/restud/article-abstract/83/2/768/2461206?redirectedFrom=fulltext,ReStud,2016,economics,"california, usa",conventional time series,hospital admissions for all respiratory diagnoses - all ages,morbidity,all,0,co,daily,179580,1 ppb increase in co,0,0,0,691,591.14,576,368,0.077,0.022,NA,tables a2 and a3,table 3 - column 3,we computed the mean average and standard deviation for the health outcomes by using inpatient and outpatient figures found in table a3.,0
schlenker et al. (2016),411,https://academic.oup.com/restud/article-abstract/83/2/768/2461206?redirectedFrom=fulltext,ReStud,2016,economics,"california, usa",conventional time series,hospital admissions for all heart diagnoses - all ages,morbidity,all,0,co,daily,179580,1 ppb increase in co,0,0,0,448,453.562,576,368,0.027,0.008,NA,tables a2 and a3,table 3 - column 4,we computed the mean average and standard deviation for the health outcomes by using inpatient and outpatient figures found in table a3.,0
schlenker et al. (2016),412,https://academic.oup.com/restud/article-abstract/83/2/768/2461206?redirectedFrom=fulltext,ReStud,2016,economics,"california, usa",conventional time series,hospital admissions for stroke - all ages,morbidity,all,0,co,daily,179580,1 ppb increase in co,0,0,0,86,177.9396,576,368,-0.001,0.003,NA,tables a2 and a3,table 3 - column 5,we computed the mean average and standard deviation for the health outcomes by using inpatient and outpatient figures found in table a3.,0
schlenker et al. (2016),413,https://academic.oup.com/restud/article-abstract/83/2/768/2461206?redirectedFrom=fulltext,ReStud,2016,economics,"california, usa",conventional time series,hospital admissions for bone fractures - all ages,morbidity,all,1,co,daily,179580,1 ppb increase in co,0,0,0,150,231.6139,576,368,-0.007,0.004,NA,tables a2 and a3,table 3 - column 6,we computed the mean average and standard deviation for the health outcomes by using inpatient and outpatient figures found in table a3.,0
schlenker et al. (2016),414,https://academic.oup.com/restud/article-abstract/83/2/768/2461206?redirectedFrom=fulltext,ReStud,2016,economics,"california, usa",conventional time series,hospital admissions for appendicitis - all ages,morbidity,all,1,co,daily,179580,1 ppb increase in co,0,0,0,17,75.11658,576,368,0.002,0.001,NA,tables a2 and a3,table 3 - column 7,we computed the mean average and standard deviation for the health outcomes by using inpatient and outpatient figures found in table a3.,0
schlenker et al. (2016),415,https://academic.oup.com/restud/article-abstract/83/2/768/2461206?redirectedFrom=fulltext,ReStud,2016,economics,"california, usa",conventional time series,hospital admissions for asthma - all ages,morbidity,all,0,no2,daily,179580,1 ppb increase in no2,0,0,0,169.5,252.9753,20.5,9.7,0.1,0.2,NA,tables a2 and a3,table 3 - column 1,we computed the mean average and standard deviation for the health outcomes by using inpatient and outpatient figures found in table a3.,0
schlenker et al. (2016),416,https://academic.oup.com/restud/article-abstract/83/2/768/2461206?redirectedFrom=fulltext,ReStud,2016,economics,"california, usa",conventional time series,hospital admissions for acute respiratory diagnoses - all ages,morbidity,all,0,no2,daily,179580,1 ppb increase in no2,0,0,0,490.5,482.838,20.5,9.7,1.2,0.6,NA,tables a2 and a3,table 3 - column 2,we computed the mean average and standard deviation for the health outcomes by using inpatient and outpatient figures found in table a3.,0
schlenker et al. (2016),417,https://academic.oup.com/restud/article-abstract/83/2/768/2461206?redirectedFrom=fulltext,ReStud,2016,economics,"california, usa",conventional time series,hospital admissions for all respiratory diagnoses - all ages,morbidity,all,0,no2,daily,179580,1 ppb increase in no2,0,0,0,691,591.14,20.5,9.7,2.5,0.8,NA,tables a2 and a3,table 3 - column 3,we computed the mean average and standard deviation for the health outcomes by using inpatient and outpatient figures found in table a3.,0
schlenker et al. (2016),418,https://academic.oup.com/restud/article-abstract/83/2/768/2461206?redirectedFrom=fulltext,ReStud,2016,economics,"california, usa",conventional time series,hospital admissions for all heart diagnoses - all ages,morbidity,all,0,no2,daily,179580,1 ppb increase in no2,0,0,0,448,453.562,20.5,9.7,0.9,0.3,NA,tables a2 and a3,table 3 - column 4,we computed the mean average and standard deviation for the health outcomes by using inpatient and outpatient figures found in table a3.,0
schlenker et al. (2016),419,https://academic.oup.com/restud/article-abstract/83/2/768/2461206?redirectedFrom=fulltext,ReStud,2016,economics,"california, usa",conventional time series,hospital admissions for stroke - all ages,morbidity,all,0,no2,daily,179580,1 ppb increase in no2,0,0,0,86,177.9396,20.5,9.7,0.1,0.1,NA,tables a2 and a3,table 3 - column 5,we computed the mean average and standard deviation for the health outcomes by using inpatient and outpatient figures found in table a3.,0
schlenker et al. (2016),420,https://academic.oup.com/restud/article-abstract/83/2/768/2461206?redirectedFrom=fulltext,ReStud,2016,economics,"california, usa",conventional time series,hospital admissions for bone fractures - all ages,morbidity,all,1,no2,daily,179580,1 ppb increase in no2,0,0,0,150,231.6139,20.5,9.7,0,0.2,NA,tables a2 and a3,table 3 - column 6,we computed the mean average and standard deviation for the health outcomes by using inpatient and outpatient figures found in table a3.,0
schlenker et al. (2016),421,https://academic.oup.com/restud/article-abstract/83/2/768/2461206?redirectedFrom=fulltext,ReStud,2016,economics,"california, usa",conventional time series,hospital admissions for appendicitis - all ages,morbidity,all,1,no2,daily,179580,1 ppb increase in no2,0,0,0,17,75.11658,20.5,9.7,0.1,0,NA,tables a2 and a3,table 3 - column 7,we computed the mean average and standard deviation for the health outcomes by using inpatient and outpatient figures found in table a3.,0
schlenker et al. (2016),422,https://academic.oup.com/restud/article-abstract/83/2/768/2461206?redirectedFrom=fulltext,ReStud,2016,economics,"california, usa",instrumental variable,hospital admissions for asthma - all ages,morbidity,all,0,co,daily,179580,1 ppb increase in co,0,0,0,169.5,252.9753,576,368,0.194,0.047,NA,tables a2 and a3,table 4 - column 1,we computed the mean average and standard deviation for the health outcomes by using inpatient and outpatient figures found in table a3.,0
schlenker et al. (2016),423,https://academic.oup.com/restud/article-abstract/83/2/768/2461206?redirectedFrom=fulltext,ReStud,2016,economics,"california, usa",instrumental variable,hospital admissions for acute respiratory diagnoses - all ages,morbidity,all,0,co,daily,179580,1 ppb increase in co,0,0,0,490.5,482.838,576,368,0.396,0.125,NA,tables a2 and a3,table 4 - column 2,we computed the mean average and standard deviation for the health outcomes by using inpatient and outpatient figures found in table a3.,0
schlenker et al. (2016),424,https://academic.oup.com/restud/article-abstract/83/2/768/2461206?redirectedFrom=fulltext,ReStud,2016,economics,"california, usa",instrumental variable,hospital admissions for all respiratory diagnoses - all ages,morbidity,all,0,co,daily,179580,1 ppb increase in co,0,0,0,691,591.14,576,368,0.515,0.165,NA,tables a2 and a3,table 4 - column 3,we computed the mean average and standard deviation for the health outcomes by using inpatient and outpatient figures found in table a3.,0
schlenker et al. (2016),425,https://academic.oup.com/restud/article-abstract/83/2/768/2461206?redirectedFrom=fulltext,ReStud,2016,economics,"california, usa",instrumental variable,hospital admissions for all heart diagnoses - all ages,morbidity,all,0,co,daily,179580,1 ppb increase in co,0,0,0,448,453.562,576,368,0.226,0.079,NA,tables a2 and a3,table 4 - column 4,we computed the mean average and standard deviation for the health outcomes by using inpatient and outpatient figures found in table a3.,0
schlenker et al. (2016),426,https://academic.oup.com/restud/article-abstract/83/2/768/2461206?redirectedFrom=fulltext,ReStud,2016,economics,"california, usa",instrumental variable,hospital admissions for stroke - all ages,morbidity,all,0,co,daily,179580,1 ppb increase in co,0,0,0,86,177.9396,576,368,0.02,0.03,NA,tables a2 and a3,table 4 - column 5,we computed the mean average and standard deviation for the health outcomes by using inpatient and outpatient figures found in table a3.,0
schlenker et al. (2016),427,https://academic.oup.com/restud/article-abstract/83/2/768/2461206?redirectedFrom=fulltext,ReStud,2016,economics,"california, usa",instrumental variable,hospital admissions for bone fractures - all ages,morbidity,all,1,co,daily,179580,1 ppb increase in co,0,0,0,150,231.6139,576,368,-0.039,0.04,NA,tables a2 and a3,table 4 - column 6,we computed the mean average and standard deviation for the health outcomes by using inpatient and outpatient figures found in table a3.,0
schlenker et al. (2016),428,https://academic.oup.com/restud/article-abstract/83/2/768/2461206?redirectedFrom=fulltext,ReStud,2016,economics,"california, usa",instrumental variable,hospital admissions for appendicitis - all ages,morbidity,all,1,co,daily,179580,1 ppb increase in co,0,0,0,17,75.11658,576,368,0.002,0.011,NA,tables a2 and a3,table 4 - column 7,we computed the mean average and standard deviation for the health outcomes by using inpatient and outpatient figures found in table a3.,0
schlenker et al. (2016),429,https://academic.oup.com/restud/article-abstract/83/2/768/2461206?redirectedFrom=fulltext,ReStud,2016,economics,"california, usa",instrumental variable,hospital admissions for asthma - all ages,morbidity,all,0,no2,daily,179580,1 ppb increase in no2,0,0,0,169.5,252.9753,20.5,9.7,12.4,4,NA,tables a2 and a3,table 4 - column 1,we computed the mean average and standard deviation for the health outcomes by using inpatient and outpatient figures found in table a3.,0
schlenker et al. (2016),430,https://academic.oup.com/restud/article-abstract/83/2/768/2461206?redirectedFrom=fulltext,ReStud,2016,economics,"california, usa",instrumental variable,hospital admissions for acute respiratory diagnoses - all ages,morbidity,all,0,no2,daily,179580,1 ppb increase in no2,0,0,0,490.5,482.838,20.5,9.7,18.9,11,NA,tables a2 and a3,table 4 - column 2,we computed the mean average and standard deviation for the health outcomes by using inpatient and outpatient figures found in table a3.,0
schlenker et al. (2016),431,https://academic.oup.com/restud/article-abstract/83/2/768/2461206?redirectedFrom=fulltext,ReStud,2016,economics,"california, usa",instrumental variable,hospital admissions for all respiratory diagnoses - all ages,morbidity,all,0,no2,daily,179580,1 ppb increase in no2,0,0,0,691,591.14,20.5,9.7,24.2,14.2,NA,tables a2 and a3,table 4 - column 3,we computed the mean average and standard deviation for the health outcomes by using inpatient and outpatient figures found in table a3.,0
schlenker et al. (2016),432,https://academic.oup.com/restud/article-abstract/83/2/768/2461206?redirectedFrom=fulltext,ReStud,2016,economics,"california, usa",instrumental variable,hospital admissions for all heart diagnoses - all ages,morbidity,all,0,no2,daily,179580,1 ppb increase in no2,0,0,0,448,453.562,20.5,9.7,17.1,7.1,NA,tables a2 and a3,table 4 - column 4,we computed the mean average and standard deviation for the health outcomes by using inpatient and outpatient figures found in table a3.,0
schlenker et al. (2016),433,https://academic.oup.com/restud/article-abstract/83/2/768/2461206?redirectedFrom=fulltext,ReStud,2016,economics,"california, usa",instrumental variable,hospital admissions for stroke - all ages,morbidity,all,0,no2,daily,179580,1 ppb increase in no2,0,0,0,86,177.9396,20.5,9.7,0.7,2.2,NA,tables a2 and a3,table 4 - column 5,we computed the mean average and standard deviation for the health outcomes by using inpatient and outpatient figures found in table a3.,0
schlenker et al. (2016),434,https://academic.oup.com/restud/article-abstract/83/2/768/2461206?redirectedFrom=fulltext,ReStud,2016,economics,"california, usa",instrumental variable,hospital admissions for bone fractures - all ages,morbidity,all,1,no2,daily,179580,1 ppb increase in no2,0,0,0,150,231.6139,20.5,9.7,-1,3,NA,tables a2 and a3,table 4 - column 6,we computed the mean average and standard deviation for the health outcomes by using inpatient and outpatient figures found in table a3.,0
schlenker et al. (2016),435,https://academic.oup.com/restud/article-abstract/83/2/768/2461206?redirectedFrom=fulltext,ReStud,2016,economics,"california, usa",instrumental variable,hospital admissions for appendicitis - all ages,morbidity,all,1,no2,daily,179580,1 ppb increase in no2,0,0,0,17,75.11658,20.5,9.7,0.3,0.9,NA,tables a2 and a3,table 4 - column 7,we computed the mean average and standard deviation for the health outcomes by using inpatient and outpatient figures found in table a3.,0
schlenker et al. (2016),436,https://academic.oup.com/restud/article-abstract/83/2/768/2461206?redirectedFrom=fulltext,ReStud,2016,economics,"california, usa",instrumental variable,hospital admissions for asthma - ages below 5 years,morbidity,children,0,co,daily,179580,1 ppb increase in co,0,0,0,280,1232.619,576,368,0.669,0.17,NA,tables a2 and a3,table 4 - column 1,we computed the mean average and standard deviation for the health outcomes by using inpatient and outpatient figures found in table a3.,0
schlenker et al. (2016),437,https://academic.oup.com/restud/article-abstract/83/2/768/2461206?redirectedFrom=fulltext,ReStud,2016,economics,"california, usa",instrumental variable,hospital admissions for acute respiratory diagnoses - ages below 5 years,morbidity,children,0,co,daily,179580,1 ppb increase in co,0,0,0,1571.5,3191.384,576,368,2.166,0.796,NA,tables a2 and a3,table 4 - column 2,we computed the mean average and standard deviation for the health outcomes by using inpatient and outpatient figures found in table a3.,0
schlenker et al. (2016),438,https://academic.oup.com/restud/article-abstract/83/2/768/2461206?redirectedFrom=fulltext,ReStud,2016,economics,"california, usa",instrumental variable,hospital admissions for all respiratory diagnoses - ages below 5 years,morbidity,children,0,co,daily,179580,1 ppb increase in co,0,0,0,1783.5,3430.067,576,368,2.493,0.98,NA,tables a2 and a3,table 4 - column 3,we computed the mean average and standard deviation for the health outcomes by using inpatient and outpatient figures found in table a3.,0
schlenker et al. (2016),439,https://academic.oup.com/restud/article-abstract/83/2/768/2461206?redirectedFrom=fulltext,ReStud,2016,economics,"california, usa",instrumental variable,hospital admissions for all heart diagnoses - ages below 5 years,morbidity,children,0,co,daily,179580,1 ppb increase in co,0,0,0,33.5,442.602,576,368,0.075,0.057,NA,tables a2 and a3,table 4 - column 4,we computed the mean average and standard deviation for the health outcomes by using inpatient and outpatient figures found in table a3.,0
schlenker et al. (2016),440,https://academic.oup.com/restud/article-abstract/83/2/768/2461206?redirectedFrom=fulltext,ReStud,2016,economics,"california, usa",instrumental variable,hospital admissions for stroke - ages below 5 years,morbidity,children,0,co,daily,179580,1 ppb increase in co,0,0,0,3.5,138.8614,576,368,0.023,0.015,NA,tables a2 and a3,table 4 - column 5,we computed the mean average and standard deviation for the health outcomes by using inpatient and outpatient figures found in table a3.,0
schlenker et al. (2016),441,https://academic.oup.com/restud/article-abstract/83/2/768/2461206?redirectedFrom=fulltext,ReStud,2016,economics,"california, usa",instrumental variable,hospital admissions for bone fractures - ages below 5 years,morbidity,children,1,co,daily,179580,1 ppb increase in co,0,0,0,98,741.483,576,368,-0.012,0.122,NA,tables a2 and a3,table 4 - column 6,we computed the mean average and standard deviation for the health outcomes by using inpatient and outpatient figures found in table a3.,0
schlenker et al. (2016),442,https://academic.oup.com/restud/article-abstract/83/2/768/2461206?redirectedFrom=fulltext,ReStud,2016,economics,"california, usa",instrumental variable,hospital admissions for appendicitis - ages below 5 years,morbidity,children,1,co,daily,179580,1 ppb increase in co,0,0,0,4.5,137.6408,576,368,-0.009,0.022,NA,tables a2 and a3,table 4 - column 7,we computed the mean average and standard deviation for the health outcomes by using inpatient and outpatient figures found in table a3.,0
schlenker et al. (2016),443,https://academic.oup.com/restud/article-abstract/83/2/768/2461206?redirectedFrom=fulltext,ReStud,2016,economics,"california, usa",instrumental variable,hospital admissions for asthma - ages below 5 years,morbidity,children,0,no2,daily,179580,1 ppb increase in no2,0,0,0,280,1232.619,20.5,9.7,43.6,14.9,NA,tables a2 and a3,table 4 - column 1,we computed the mean average and standard deviation for the health outcomes by using inpatient and outpatient figures found in table a3.,0
schlenker et al. (2016),444,https://academic.oup.com/restud/article-abstract/83/2/768/2461206?redirectedFrom=fulltext,ReStud,2016,economics,"california, usa",instrumental variable,hospital admissions for acute respiratory diagnoses - ages below 5 years,morbidity,children,0,no2,daily,179580,1 ppb increase in no2,0,0,0,1571.5,3191.384,20.5,9.7,122.2,67.7,NA,tables a2 and a3,table 4 - column 2,we computed the mean average and standard deviation for the health outcomes by using inpatient and outpatient figures found in table a3.,0
schlenker et al. (2016),445,https://academic.oup.com/restud/article-abstract/83/2/768/2461206?redirectedFrom=fulltext,ReStud,2016,economics,"california, usa",instrumental variable,hospital admissions for all respiratory diagnoses - ages below 5 years,morbidity,children,0,no2,daily,179580,1 ppb increase in no2,0,0,0,1783.5,3430.067,20.5,9.7,140.8,82.4,NA,tables a2 and a3,table 4 - column 3,we computed the mean average and standard deviation for the health outcomes by using inpatient and outpatient figures found in table a3.,0
schlenker et al. (2016),446,https://academic.oup.com/restud/article-abstract/83/2/768/2461206?redirectedFrom=fulltext,ReStud,2016,economics,"california, usa",instrumental variable,hospital admissions for all heart diagnoses - ages below 5 years,morbidity,children,0,no2,daily,179580,1 ppb increase in no2,0,0,0,33.5,442.602,20.5,9.7,4.5,4.6,NA,tables a2 and a3,table 4 - column 4,we computed the mean average and standard deviation for the health outcomes by using inpatient and outpatient figures found in table a3.,0
schlenker et al. (2016),447,https://academic.oup.com/restud/article-abstract/83/2/768/2461206?redirectedFrom=fulltext,ReStud,2016,economics,"california, usa",instrumental variable,hospital admissions for stroke - ages below 5 years,morbidity,children,0,no2,daily,179580,1 ppb increase in no2,0,0,0,3.5,138.8614,20.5,9.7,2.9,1.3,NA,tables a2 and a3,table 4 - column 5,we computed the mean average and standard deviation for the health outcomes by using inpatient and outpatient figures found in table a3.,0
schlenker et al. (2016),448,https://academic.oup.com/restud/article-abstract/83/2/768/2461206?redirectedFrom=fulltext,ReStud,2016,economics,"california, usa",instrumental variable,hospital admissions for bone fractures - ages below 5 years,morbidity,children,1,no2,daily,179580,1 ppb increase in no2,0,0,0,98,741.483,20.5,9.7,3.7,9.3,NA,tables a2 and a3,table 4 - column 6,we computed the mean average and standard deviation for the health outcomes by using inpatient and outpatient figures found in table a3.,0
schlenker et al. (2016),449,https://academic.oup.com/restud/article-abstract/83/2/768/2461206?redirectedFrom=fulltext,ReStud,2016,economics,"california, usa",instrumental variable,hospital admissions for appendicitis - ages below 5 years,morbidity,children,1,no2,daily,179580,1 ppb increase in no2,0,0,0,4.5,137.6408,20.5,9.7,0.6,2,NA,tables a2 and a3,table 4 - column 7,we computed the mean average and standard deviation for the health outcomes by using inpatient and outpatient figures found in table a3.,0
schlenker et al. (2016),450,https://academic.oup.com/restud/article-abstract/83/2/768/2461206?redirectedFrom=fulltext,ReStud,2016,economics,"california, usa",instrumental variable,hospital admissions for asthma - age 65 years and above,morbidity,old,0,co,daily,179580,1 ppb increase in co,0,0,0,315,1068.967,576,368,0.493,0.204,NA,tables a1 and a3,table 4 - column 1,we compute the average and the standard deviation of taxi time using the airpports data found in table a1. we also did the same procedure for summary statistics on health outcomes by using inpatient and outpatient figures found in table a3.,0
schlenker et al. (2016),451,https://academic.oup.com/restud/article-abstract/83/2/768/2461206?redirectedFrom=fulltext,ReStud,2016,economics,"california, usa",instrumental variable,hospital admissions for acute respiratory diagnoses - age 65 years and above,morbidity,old,0,co,daily,179580,1 ppb increase in co,0,0,0,964,1873.328,576,368,0.696,0.309,NA,tables a1 and a3,table 4 - column 2,we compute the average and the standard deviation of taxi time using the airpports data found in table a1. we also did the same procedure for summary statistics on health outcomes by using inpatient and outpatient figures found in table a3.,0
schlenker et al. (2016),452,https://academic.oup.com/restud/article-abstract/83/2/768/2461206?redirectedFrom=fulltext,ReStud,2016,economics,"california, usa",instrumental variable,hospital admissions for all respiratory diagnoses - age 65 years and above,morbidity,old,0,co,daily,179580,1 ppb increase in co,0,0,0,1947.5,2713.971,576,368,1.424,0.511,NA,tables a1 and a3,table 4 - column 3,we compute the average and the standard deviation of taxi time using the airpports data found in table a1. we also did the same procedure for summary statistics on health outcomes by using inpatient and outpatient figures found in table a3.,0
schlenker et al. (2016),453,https://academic.oup.com/restud/article-abstract/83/2/768/2461206?redirectedFrom=fulltext,ReStud,2016,economics,"california, usa",instrumental variable,hospital admissions for all heart diagnoses - age 65 years and above,morbidity,old,0,co,daily,179580,1 ppb increase in co,0,0,0,2803,3269.01,576,368,1.937,0.62,NA,tables a1 and a3,table 4 - column 4,we compute the average and the standard deviation of taxi time using the airpports data found in table a1. we also did the same procedure for summary statistics on health outcomes by using inpatient and outpatient figures found in table a3.,0
schlenker et al. (2016),454,https://academic.oup.com/restud/article-abstract/83/2/768/2461206?redirectedFrom=fulltext,ReStud,2016,economics,"california, usa",instrumental variable,hospital admissions for stroke - age 65 years and above,morbidity,old,0,co,daily,179580,1 ppb increase in co,0,0,0,577,1424.584,576,368,0.198,0.249,NA,tables a1 and a3,table 4 - column 5,we compute the average and the standard deviation of taxi time using the airpports data found in table a1. we also did the same procedure for summary statistics on health outcomes by using inpatient and outpatient figures found in table a3.,0
schlenker et al. (2016),455,https://academic.oup.com/restud/article-abstract/83/2/768/2461206?redirectedFrom=fulltext,ReStud,2016,economics,"california, usa",instrumental variable,hospital admissions for bone fractures - age 65 years and above,morbidity,old,1,co,daily,179580,1 ppb increase in co,0,0,0,340.5,1080.004,576,368,0.187,0.161,NA,tables a1 and a3,table 4 - column 6,we compute the average and the standard deviation of taxi time using the airpports data found in table a1. we also did the same procedure for summary statistics on health outcomes by using inpatient and outpatient figures found in table a3.,0
schlenker et al. (2016),456,https://academic.oup.com/restud/article-abstract/83/2/768/2461206?redirectedFrom=fulltext,ReStud,2016,economics,"california, usa",instrumental variable,hospital admissions for appendicitis - age 65 years and above,morbidity,old,1,co,daily,179580,1 ppb increase in co,0,0,0,11.5,202.7375,576,368,0.025,0.026,NA,tables a1 and a3,table 4 - column 7,we compute the average and the standard deviation of taxi time using the airpports data found in table a1. we also did the same procedure for summary statistics on health outcomes by using inpatient and outpatient figures found in table a3.,0
schlenker et al. (2016),457,https://academic.oup.com/restud/article-abstract/83/2/768/2461206?redirectedFrom=fulltext,ReStud,2016,economics,"california, usa",instrumental variable,hospital admissions for asthma - age 65 years and above,morbidity,old,0,no2,daily,179580,1 ppb increase in no2,0,0,0,315,1068.967,20.5,9.7,35.3,14.2,NA,tables a1 and a3,table 4 - column 1,we compute the average and the standard deviation of taxi time using the airpports data found in table a1. we also did the same procedure for summary statistics on health outcomes by using inpatient and outpatient figures found in table a3.,0
schlenker et al. (2016),458,https://academic.oup.com/restud/article-abstract/83/2/768/2461206?redirectedFrom=fulltext,ReStud,2016,economics,"california, usa",instrumental variable,hospital admissions for acute respiratory diagnoses - age 65 years and above,morbidity,old,0,no2,daily,179580,1 ppb increase in no2,0,0,0,964,1873.328,20.5,9.7,38.9,24.6,NA,tables a1 and a3,table 4 - column 2,we compute the average and the standard deviation of taxi time using the airpports data found in table a1. we also did the same procedure for summary statistics on health outcomes by using inpatient and outpatient figures found in table a3.,0
schlenker et al. (2016),459,https://academic.oup.com/restud/article-abstract/83/2/768/2461206?redirectedFrom=fulltext,ReStud,2016,economics,"california, usa",instrumental variable,hospital admissions for all respiratory diagnoses - age 65 years and above,morbidity,old,0,no2,daily,179580,1 ppb increase in no2,0,0,0,1947.5,2713.971,20.5,9.7,75.8,41.3,NA,tables a1 and a3,table 4 - column 3,we compute the average and the standard deviation of taxi time using the airpports data found in table a1. we also did the same procedure for summary statistics on health outcomes by using inpatient and outpatient figures found in table a3.,0
schlenker et al. (2016),460,https://academic.oup.com/restud/article-abstract/83/2/768/2461206?redirectedFrom=fulltext,ReStud,2016,economics,"california, usa",instrumental variable,hospital admissions for all heart diagnoses - age 65 years and above,morbidity,old,0,no2,daily,179580,1 ppb increase in no2,0,0,0,2803,3269.01,20.5,9.7,131.6,47.8,NA,tables a1 and a3,table 4 - column 4,we compute the average and the standard deviation of taxi time using the airpports data found in table a1. we also did the same procedure for summary statistics on health outcomes by using inpatient and outpatient figures found in table a3.,0
schlenker et al. (2016),461,https://academic.oup.com/restud/article-abstract/83/2/768/2461206?redirectedFrom=fulltext,ReStud,2016,economics,"california, usa",instrumental variable,hospital admissions for stroke - age 65 years and above,morbidity,old,0,no2,daily,179580,1 ppb increase in no2,0,0,0,577,1424.584,20.5,9.7,3.6,16.5,NA,tables a1 and a3,table 4 - column 5,we compute the average and the standard deviation of taxi time using the airpports data found in table a1. we also did the same procedure for summary statistics on health outcomes by using inpatient and outpatient figures found in table a3.,0
schlenker et al. (2016),462,https://academic.oup.com/restud/article-abstract/83/2/768/2461206?redirectedFrom=fulltext,ReStud,2016,economics,"california, usa",instrumental variable,hospital admissions for bone fractures - age 65 years and above,morbidity,old,1,no2,daily,179580,1 ppb increase in no2,0,0,0,340.5,1080.004,20.5,9.7,12.2,12,NA,tables a1 and a3,table 4 - column 6,we compute the average and the standard deviation of taxi time using the airpports data found in table a1. we also did the same procedure for summary statistics on health outcomes by using inpatient and outpatient figures found in table a3.,0
schlenker et al. (2016),463,https://academic.oup.com/restud/article-abstract/83/2/768/2461206?redirectedFrom=fulltext,ReStud,2016,economics,"california, usa",instrumental variable,hospital admissions for appendicitis - age 65 years and above,morbidity,old,1,no2,daily,179580,1 ppb increase in no2,0,0,0,11.5,202.7375,20.5,9.7,-0.8,1.6,NA,tables a1 and a3,table 4 - column 7,we compute the average and the standard deviation of taxi time using the airpports data found in table a1. we also did the same procedure for summary statistics on health outcomes by using inpatient and outpatient figures found in table a3.,0
schwartz et al. (2015),464,https://academic.oup.com/aje/article/182/7/644/107376,Environmental Health Perspectives,2015,epidemiology,"boston, usa",instrumental variable,non-accidental mortality,mortality,all,0,pm2.5,daily,2191,1 µg/m³ increase in pm2.5,0,0,0,53,8.9,8.3,3.78,0.53,0.2244898,NA,table 1,in text,NA,0
schwartz et al. (2015),465,https://academic.oup.com/aje/article/182/7/644/107376,Environmental Health Perspectives,2015,epidemiology,"boston, usa",instrumental variable,non-accidental mortality,mortality,all,1,pm2.5 two days after the date of death,daily,2191,1 µg/m³ increase in pm2.5,0,0,0,53,8.9,8.3,3.78,0.020000070000000002,0.2295918,NA,table 1,in text,we had to compute the standard error of the point estimate using the width of the confidence interval.,0
schwartz et al. (2017),466,https://ehp.niehs.nih.gov/doi/10.1289/EHP232?url_ver=Z39.88-2003&rfr_id=ori:rid:crossref.org&rfr_dat=cr_pub%20%200pubmed,Environmental Health Perspectives,2017,epidemiology,"boston, usa",instrumental variable,non-accidental mortality,mortality,all,0,pm2.5,daily,3652,1 µg/m³ increase in pm2.5,0,0,0,55.8,9.5,9.8,5.8,0.1424051,0.05328081,NA,table 1,in text,we computed the figures for one unit increase in the pollutant as it was expressed in iqr increase.,0
schwartz et al. (2017),467,https://ehp.niehs.nih.gov/doi/10.1289/EHP232?url_ver=Z39.88-2003&rfr_id=ori:rid:crossref.org&rfr_dat=cr_pub%20%200pubmed,Environmental Health Perspectives,2017,epidemiology,"boston, usa",instrumental variable,non-accidental mortality,mortality,all,0,black carbon,daily,3652,1 µg/m³ increase in black carbon,0,0,0,55.8,9.5,0.7,0.41,1.8,0.8469388,NA,table 1,in text,we computed the figures for one unit increase in the pollutant as it was expressed in iqr increase.,0
schwartz et al. (2017),468,https://ehp.niehs.nih.gov/doi/10.1289/EHP232?url_ver=Z39.88-2003&rfr_id=ori:rid:crossref.org&rfr_dat=cr_pub%20%200pubmed,Environmental Health Perspectives,2017,epidemiology,"boston, usa",instrumental variable,non-accidental mortality,mortality,all,0,no2,daily,3652,1 ppb increase in no2,0,0,0,55.8,9.5,18.4,6.4,0.07380952,0.06195336,NA,table 2,in text,we computed the figures for one unit increase in the pollutant as it was expressed in iqr increase.,0
schwartz et al. (2018),469,https://ehp.niehs.nih.gov/doi/10.1289/ehp2732,Environmental Health Perspectives,2018,epidemiology,"135 cities, usa",conventional time series,non-accidental mortality,mortality,all,0,pm2.5,daily,591570,1 µg/m³ increase in pm2.5,0,0,0,22.8,14,12.8,6.38,0.01368,0.002908163,NA,table 1,table 2,NA,0
schwartz et al. (2018),470,https://ehp.niehs.nih.gov/doi/10.1289/ehp2732,Environmental Health Perspectives,2018,epidemiology,"135 cities, usa",instrumental variable,non-accidental mortality,mortality,all,0,pm2.5,daily,591570,1 µg/m³ increase in pm2.5,0,0,0,22.8,14,12.8,6.38,0.0342,0.0059,NA,table1,table 2,NA,0
sheldon et al. (2017),471,"https://www.aeaweb.org/articles?id=10.1257/aer.p20171134#:~:text=We%20find%20that%20a%20one,illnesses%20examined%20in%20this%20paper.",AER,2017,economics,singapore,reduced-form,acute conjunctivitis,morbidity,all,0,indonesian fire radiative power,weekly,343,1 sd increase in frp,0,1,0,96.5,17,7190,17521.2,0.73,0.198,NA,table 2,table 5 - column 2,stats retrieve from transboundary pollution in southeast asia: welfare,1
sheldon et al. (2017),472,"https://www.aeaweb.org/articles?id=10.1257/aer.p20171134#:~:text=We%20find%20that%20a%20one,illnesses%20examined%20in%20this%20paper.",AER,2017,economics,singapore,reduced-form,acute upper respiratory tract infections,morbidity,all,0,indonesian fire radiative power,weekly,343,1 sd increase in frp,0,1,0,2711.7,368.9,7190,17521.2,0.668,0.222,NA,table 2,table 5- column 1,stats retrieve from transboundary pollution in southeast asia: welfare,1
sheldon et al. (2017),473,"https://www.aeaweb.org/articles?id=10.1257/aer.p20171134#:~:text=We%20find%20that%20a%20one,illnesses%20examined%20in%20this%20paper.",AER,2017,economics,singapore,instrumental variable,acute upper respiratory tract infections,morbidity,all,0,pollutant index,weekly,343,1 sd increase in psi,0,1,0,2711.7,368.9,39.3,20.8,0.351,0.0873,NA,table 2,table 4 - column 1,stats retrieve from transboundary pollution in southeast asia: welfare,1
sheldon et al. (2017),474,"https://www.aeaweb.org/articles?id=10.1257/aer.p20171134#:~:text=We%20find%20that%20a%20one,illnesses%20examined%20in%20this%20paper.",AER,2017,economics,singapore,instrumental variable,acute conjunctivitis,morbidity,all,0,pollutant index,weekly,343,1 sd increase in psi,0,1,0,96.5,17,39.3,20.8,0.29,0.0665,NA,table 2,table 4 - column 2,stats retrieve from transboundary pollution in southeast asia: welfare,1
sheldon et al. (2017),475,"https://www.aeaweb.org/articles?id=10.1257/aer.p20171134#:~:text=We%20find%20that%20a%20one,illnesses%20examined%20in%20this%20paper.",AER,2017,economics,singapore,instrumental variable,chickenpox,morbidity,all,1,indonesian fire radiative power,weekly,220,1 sd increase in psi,0,1,0,NA,NA,39.3,20.8,0.0781,0.11,NA,table 2,table 4 - column 5,stats retrieve from transboundary pollution in southeast asia: welfare,1
simeonova et al. (2019),476,http://jhr.uwpress.org/content/early/2019/10/07/jhr.56.4.0218-9363R2,JHR,2019,economics,"stockholm, sweden",difference in differences,acute asthma episodes (age < 5),morbidity,children,0,policy dummy * permanent implementation,monthly,7416,policy dummy * permanent implementation,1,0,0,19.06,NA,NA,NA,-9.597,1.935,NA,table 3,table 3 - column 2,NA,0
simeonova et al. (2019),477,http://jhr.uwpress.org/content/early/2019/10/07/jhr.56.4.0218-9363R2,JHR,2019,economics,"stockholm, sweden",difference in differences,acute asthma episodes (age < 6 months),morbidity,infant,0,policy dummy * permanent implementation,monthly,6901,policy dummy * permanent implementation,1,0,0,16.52,NA,NA,NA,-2.516,1.546,NA,table 3,table 3 - column 2,NA,0
simeonova et al. (2019),478,http://jhr.uwpress.org/content/early/2019/10/07/jhr.56.4.0218-9363R2,JHR,2019,economics,"stockholm, sweden",difference in differences,unintentional injuries (age < 5),morbidity,children,1,policy dummy * permanent implementation,monthly,7416,policy dummy * permanent implementation,1,0,0,8.711,NA,NA,NA,0.966,0.337,NA,table 5,table 5 - column 4,NA,0
simeonova et al. (2019),479,http://jhr.uwpress.org/content/early/2019/10/07/jhr.56.4.0218-9363R2,JHR,2019,economics,"stockholm, sweden",difference in differences,all other diagnoses (age < 5),morbidity,children,1,policy dummy * permanent implementation,monthly,7416,policy dummy * permanent implementation,1,0,0,183,NA,NA,NA,-7.885,23.685,NA,table 5,table 5 - column 5,NA,0
xia et al. (2022),480,https://www.sciencedirect.com/science/article/abs/pii/S0095069622000523,JEEME,2022,economics,"beijing, china",conventional time series,log of health care visits,morbidity,all,0,pm2.5,daily,16512,1 µg/m³ increase in pm2.5,0,0,1,52.04002,13.93,8.1,6.7,1.16e-4,7.6e-5,NA,table 1,table 4 - column 1,NA,0
xia et al. (2022),481,https://www.sciencedirect.com/science/article/abs/pii/S0095069622000523,JEEME,2022,economics,"beijing, china",instrumental variable,log of health care visits,morbidity,all,0,pm2.5,daily,14040,1 µg/m³ increase in pm2.5,0,0,1,52.04002,13.93,8.1,6.7,3.87e-4,2.22e-4,NA,table 1,table 4 - column 1,NA,0
xia et al. (2022),482,https://www.sciencedirect.com/science/article/abs/pii/S0095069622000523,JEEME,2022,economics,"beijing, china",conventional time series,log of total expenses,morbidity,all,0,pm2.5,daily,16512,1 µg/m³ increase in pm2.5,0,0,1,30.56,9.999999,8.1,6.7,1.63e-4,9.2e-5,NA,table 1,table 4 - column 2,NA,0
xia et al. (2022),483,https://www.sciencedirect.com/science/article/abs/pii/S0095069622000523,JEEME,2022,economics,"beijing, china",instrumental variable,log of total expenses,morbidity,all,0,pm2.5,daily,14040,1 µg/m³ increase in pm2.5,0,0,1,30.56,9.999999,8.1,6.7,3.76e-4,2.42e-4,NA,table 1,table 4 - column 2,NA,0
xia et al. (2022),484,https://www.sciencedirect.com/science/article/abs/pii/S0095069622000523,JEEME,2022,economics,"beijing, china",conventional time series,log of medication expenses,morbidity,all,0,pm2.5,daily,16512,1 µg/m³ increase in pm2.5,0,0,1,18.82999,5.8,8.1,6.7,1.41e-4,8.5e-5,NA,table 1,table 4 - column 3,NA,0
xia et al. (2022),485,https://www.sciencedirect.com/science/article/abs/pii/S0095069622000523,JEEME,2022,economics,"beijing, china",instrumental variable,log of medication expenses,morbidity,all,0,pm2.5,daily,14040,1 µg/m³ increase in pm2.5,0,0,1,18.82999,5.8,8.1,6.7,3.99e-4,2.37e-4,NA,table 1,table 4 - column 3,NA,0
xia et al. (2022),486,https://www.sciencedirect.com/science/article/abs/pii/S0095069622000523,JEEME,2022,economics,"beijing, china",conventional time series,log of out-of-pocket expenses,morbidity,all,0,pm2.5,daily,16512,1 µg/m³ increase in pm2.5,0,0,1,8.809996,3.070001,8.1,6.7,1.63e-4,9.1e-5,NA,table 1,table 4 - column 4,NA,0
xia et al. (2022),487,https://www.sciencedirect.com/science/article/abs/pii/S0095069622000523,JEEME,2022,economics,"beijing, china",instrumental variable,log of out-of-pocket expenses,morbidity,all,0,pm2.5,daily,14040,1 µg/m³ increase in pm2.5,0,0,1,8.809996,3.070001,8.1,6.7,4.07e-4,2.35e-4,NA,table 1,table 4 - column 4,NA,0
xia et al. (2022),488,https://www.sciencedirect.com/science/article/abs/pii/S0095069622000523,JEEME,2022,economics,"beijing, china",conventional time series,log of cardiovascular medication,morbidity,all,0,pm2.5,daily,16512,1 µg/m³ increase in pm2.5,0,0,1,2.85,0.86,8.1,6.7,1.55e-4,8.6e-5,NA,table 1,table 4 - column 5,NA,0
xia et al. (2022),489,https://www.sciencedirect.com/science/article/abs/pii/S0095069622000523,JEEME,2022,economics,"beijing, china",instrumental variable,log of cardiovascular medication,morbidity,all,0,pm2.5,daily,14040,1 µg/m³ increase in pm2.5,0,0,1,2.85,0.86,8.1,6.7,6.43e-4,2.76e-4,NA,table 1,table 4 - column 5,NA,0
xia et al. (2022),490,https://www.sciencedirect.com/science/article/abs/pii/S0095069622000523,JEEME,2022,economics,"beijing, china",conventional time series,log of respiratory medication,morbidity,all,0,pm2.5,daily,16512,1 µg/m³ increase in pm2.5,0,0,1,0.3399999,0.11,8.1,6.7,1.23e-4,7.6e-5,NA,table 1,table 4 - column 6,NA,0
xia et al. (2022),491,https://www.sciencedirect.com/science/article/abs/pii/S0095069622000523,JEEME,2022,economics,"beijing, china",instrumental variable,log of respiratory medication,morbidity,all,0,pm2.5,daily,14040,1 µg/m³ increase in pm2.5,0,0,1,0.3399999,0.11,8.1,6.7,4.74e-4,1.93e-4,NA,table 1,table 4 - column 6,NA,0
xia et al. (2022),492,https://www.sciencedirect.com/science/article/abs/pii/S0095069622000523,JEEME,2022,economics,"beijing, china",conventional time series,log of other western medication,morbidity,all,0,pm2.5,daily,16512,1 µg/m³ increase in pm2.5,0,0,1,7.599998,2.42,8.1,6.7,1.4e-4,8.8e-5,NA,table 1,table 4 - column 7,NA,0
xia et al. (2022),493,https://www.sciencedirect.com/science/article/abs/pii/S0095069622000523,JEEME,2022,economics,"beijing, china",instrumental variable,log of other western medication,morbidity,all,0,pm2.5,daily,14040,1 µg/m³ increase in pm2.5,0,0,1,7.599998,2.42,8.1,6.7,4.32e-4,2.49e-4,NA,table 1,table 4 - column 7,NA,0
zhong et al. (2017),494,https://www.journals.uchicago.edu/doi/suppl/10.1086/692115,JAERE,2017,economics,"beijing, china",reduced-form,ambulance call rate for coronary heart problem - full population,morbidity,all,0,number 4 day,daily,1458,number 4 day dummy,1,0,0,0.416,0.619,NA,NA,0.081,0.031,NA,table 2,table 6 - column 2,NA,0
zhong et al. (2017),495,https://www.journals.uchicago.edu/doi/suppl/10.1086/692115,JAERE,2017,economics,"beijing, china",reduced-form,ambulance call rate for all heart problem - full population,morbidity,all,0,number 4 day,daily,1458,number 4 day dummy,1,0,0,5.102,2.614,NA,NA,0.168,0.116,NA,table 2,table 6 - column 1,NA,0
zhong et al. (2017),496,https://www.journals.uchicago.edu/doi/suppl/10.1086/692115,JAERE,2017,economics,"beijing, china",reduced-form,ambulance call rate for fever problem - full population,morbidity,all,0,number 4 day,daily,1458,number 4 day dummy,1,0,0,1.651,1.323,NA,NA,0.193,0.06,NA,table 2,table 6 - column 3,NA,0
zhong et al. (2017),497,https://www.journals.uchicago.edu/doi/suppl/10.1086/692115,JAERE,2017,economics,"beijing, china",reduced-form,ambulance call rate for injury problem - full population,morbidity,all,1,number 4 day,daily,1458,number 4 day dummy,1,0,0,8.542,3.323,NA,NA,-0.091,0.136,NA,table 2,table 6 - column 4,NA,0
zhong et al. (2017),498,https://www.journals.uchicago.edu/doi/suppl/10.1086/692115,JAERE,2017,economics,"beijing, china",reduced-form,ambulance call rate for coronary heart problem - male population,morbidity,all and male,0,number 4 day,daily,1458,number 4 day dummy,1,0,0,NA,NA,NA,NA,0.112,0.035,NA,NA,table 6 - column 2,NA,0
zhong et al. (2017),499,https://www.journals.uchicago.edu/doi/suppl/10.1086/692115,JAERE,2017,economics,"beijing, china",reduced-form,ambulance call rate for all heart problem - male population,morbidity,all and male,0,number 4 day,daily,1458,number 4 day dummy,1,0,0,NA,NA,NA,NA,0.232,0.132,NA,NA,table 6 - column 1,NA,0
zhong et al. (2017),500,https://www.journals.uchicago.edu/doi/suppl/10.1086/692115,JAERE,2017,economics,"beijing, china",reduced-form,ambulance call rate for fever problem - male population,morbidity,all and male,0,number 4 day,daily,1458,number 4 day dummy,1,0,0,NA,NA,NA,NA,0.202,0.078,NA,NA,table 6 - column 3,NA,0
zhong et al. (2017),501,https://www.journals.uchicago.edu/doi/suppl/10.1086/692115,JAERE,2017,economics,"beijing, china",reduced-form,ambulance call rate for injury problem - male population,morbidity,all and male,1,number 4 day,daily,1458,number 4 day dummy,1,0,0,NA,NA,NA,NA,-0.119,0.176,NA,NA,table 6 - column 4,NA,0
zhong et al. (2017),502,https://www.journals.uchicago.edu/doi/suppl/10.1086/692115,JAERE,2017,economics,"beijing, china",reduced-form,ambulance call rate for coronary heart problem - female population,morbidity,all and female,0,number 4 day,daily,1458,number 4 day dummy,1,0,0,NA,NA,NA,NA,0.034,0.043,NA,NA,table 6 - column 2,NA,0
zhong et al. (2017),503,https://www.journals.uchicago.edu/doi/suppl/10.1086/692115,JAERE,2017,economics,"beijing, china",reduced-form,ambulance call rate for all heart problem - female population,morbidity,all and female,0,number 4 day,daily,1458,number 4 day dummy,1,0,0,NA,NA,NA,NA,0.141,0.147,NA,NA,table 6 - column 1,NA,0
zhong et al. (2017),504,https://www.journals.uchicago.edu/doi/suppl/10.1086/692115,JAERE,2017,economics,"beijing, china",reduced-form,ambulance call rate for fever problem - female population,morbidity,all and female,0,number 4 day,daily,1458,number 4 day dummy,1,0,0,NA,NA,NA,NA,0.211,0.078,NA,NA,table 6 - column 3,NA,0
zhong et al. (2017),505,https://www.journals.uchicago.edu/doi/suppl/10.1086/692115,JAERE,2017,economics,"beijing, china",reduced-form,ambulance call rate for injury problem - female population,morbidity,all and female,1,number 4 day,daily,1458,number 4 day dummy,1,0,0,NA,NA,NA,NA,0.003,0.142,NA,NA,table 6 - column 4,NA,0
zhong et al. (2017),506,https://www.journals.uchicago.edu/doi/suppl/10.1086/692115,JAERE,2017,economics,"beijing, china",reduced-form,ambulance call rate for coronary heart problem - ages 65 and older population,morbidity,old,0,number 4 day,daily,1458,number 4 day dummy,1,0,0,NA,NA,NA,NA,0.156,0.233,NA,NA,table 6 - column 2,NA,0
zhong et al. (2017),507,https://www.journals.uchicago.edu/doi/suppl/10.1086/692115,JAERE,2017,economics,"beijing, china",reduced-form,ambulance call rate for all heart problem - ages 65 and older population,morbidity,old,0,number 4 day,daily,1458,number 4 day dummy,1,0,0,NA,NA,NA,NA,0.594,0.743,NA,NA,table 6 - column 1,NA,0
zhong et al. (2017),508,https://www.journals.uchicago.edu/doi/suppl/10.1086/692115,JAERE,2017,economics,"beijing, china",reduced-form,ambulance call rate for fever problem - ages 65 and older population,morbidity,old,0,number 4 day,daily,1458,number 4 day dummy,1,0,0,NA,NA,NA,NA,1.321,0.44,NA,NA,table 6 - column 3,NA,0
zhong et al. (2017),509,https://www.journals.uchicago.edu/doi/suppl/10.1086/692115,JAERE,2017,economics,"beijing, china",reduced-form,ambulance call rate for injury problem - ages 65 and older population,morbidity,old,1,number 4 day,daily,1458,number 4 day dummy,1,0,0,NA,NA,NA,NA,-0.799,0.59,NA,NA,table 6 - column 4,NA,0
zhong et al. (2017),510,https://www.journals.uchicago.edu/doi/suppl/10.1086/692115,JAERE,2017,economics,"beijing, china",reduced-form,ambulance call rate for coronary heart problem - ages 15 to 64 population,morbidity,15 to 64,0,number 4 day,daily,1458,number 4 day dummy,1,0,0,NA,NA,NA,NA,0.081,0.021,NA,NA,table 6 - column 2,NA,0
zhong et al. (2017),511,https://www.journals.uchicago.edu/doi/suppl/10.1086/692115,JAERE,2017,economics,"beijing, china",reduced-form,ambulance call rate for all heart problem - ages 15 to 64 population,morbidity,15 to 64,0,number 4 day,daily,1458,number 4 day dummy,1,0,0,NA,NA,NA,NA,0.153,0.102,NA,NA,table 6 - column 1,NA,0
zhong et al. (2017),512,https://www.journals.uchicago.edu/doi/suppl/10.1086/692115,JAERE,2017,economics,"beijing, china",reduced-form,ambulance call rate for fever problem - ages 15 to 64 population,morbidity,15 to 64,0,number 4 day,daily,1458,number 4 day dummy,1,0,0,NA,NA,NA,NA,0.074,0.03,NA,NA,table 6 - column 3,NA,0
zhong et al. (2017),513,https://www.journals.uchicago.edu/doi/suppl/10.1086/692115,JAERE,2017,economics,"beijing, china",reduced-form,ambulance call rate for injury problem - ages 15 to 64 population,morbidity,15 to 64,1,number 4 day,daily,1458,number 4 day dummy,1,0,0,NA,NA,NA,NA,0.002,0.131,NA,NA,table 6 - column 4,NA,0
zhong et al. (2017),514,https://www.journals.uchicago.edu/doi/suppl/10.1086/692115,JAERE,2017,economics,"beijing, china",reduced-form,ambulance call rate for fever problem - ages below 15,morbidity,children/young,0,number 4 day,daily,1458,number 4 day dummy,1,0,0,NA,NA,NA,NA,0.179,0.292,NA,NA,table 6 - column 3,NA,0
zhong et al. (2017),515,https://www.journals.uchicago.edu/doi/suppl/10.1086/692115,JAERE,2017,economics,"beijing, china",reduced-form,ambulance call rate for injury problem - ages below 15,morbidity,children/young,1,number 4 day,daily,1458,number 4 day dummy,1,0,0,NA,NA,NA,NA,-0.093,0.251,NA,NA,table 6 - column 4,NA,0
zhong et al. (2017),516,https://www.journals.uchicago.edu/doi/suppl/10.1086/692115,JAERE,2017,economics,"beijing, china",instrumental variable,ambulance call rate for coronary heart problem - full population,morbidity,all,0,no2,daily,1377,1 µg/m³ increase in no2,0,0,0,0.416,0.619,50.24,6.14,0.007,0.003,NA,table 2,table 8 - column 2,NA,0
zhong et al. (2017),517,https://www.journals.uchicago.edu/doi/suppl/10.1086/692115,JAERE,2017,economics,"beijing, china",instrumental variable,ambulance call rate for all heart problem - full population,morbidity,all,0,no2,daily,1377,1 µg/m³ increase in no2,0,0,0,5.102,2.614,50.24,6.14,0.016,0.013,NA,table 2,table 8 - column 1,NA,0
zhong et al. (2017),518,https://www.journals.uchicago.edu/doi/suppl/10.1086/692115,JAERE,2017,economics,"beijing, china",instrumental variable,ambulance call rate for fever problem - full population,morbidity,all,0,no2,daily,1377,1 µg/m³ increase in no2,0,0,0,1.651,1.323,50.24,6.14,0.023,0.009,NA,table 2,table 8 - column 3,NA,0
zhong et al. (2017),519,https://www.journals.uchicago.edu/doi/suppl/10.1086/692115,JAERE,2017,economics,"beijing, china",instrumental variable,ambulance call rate for injury problem - full population,morbidity,all,1,no2,daily,1377,1 µg/m³ increase in no2,0,0,0,8.542,3.323,50.24,6.14,-0.004,0.848,NA,table 2,table 8  - column 4,NA,0
zhong et al. (2017),520,https://www.journals.uchicago.edu/doi/suppl/10.1086/692115,JAERE,2017,economics,"beijing, china",instrumental variable,ambulance call rate for coronary heart problem - male population,morbidity,all and male,0,no2,daily,1377,1 µg/m³ increase in no2,0,0,0,NA,NA,50.24,6.14,0.012,0.004,NA,table 2,table 8 - column 2,NA,0
zhong et al. (2017),521,https://www.journals.uchicago.edu/doi/suppl/10.1086/692115,JAERE,2017,economics,"beijing, china",instrumental variable,ambulance call rate for all heart problem - male population,morbidity,all and male,0,no2,daily,1377,1 µg/m³ increase in no2,0,0,0,NA,NA,50.24,6.14,0.029,0.016,NA,table 2,table 8 - column 1,NA,0
zhong et al. (2017),522,https://www.journals.uchicago.edu/doi/suppl/10.1086/692115,JAERE,2017,economics,"beijing, china",instrumental variable,ambulance call rate for fever problem - male population,morbidity,all and male,0,no2,daily,1377,1 µg/m³ increase in no2,0,0,0,NA,NA,50.24,6.14,0.018,0.01,NA,table 2,table 8 - column 3,NA,0
zhong et al. (2017),523,https://www.journals.uchicago.edu/doi/suppl/10.1086/692115,JAERE,2017,economics,"beijing, china",instrumental variable,ambulance call rate for injury problem - male population,morbidity,all and male,1,no2,daily,1377,1 µg/m³ increase in no2,0,0,0,NA,NA,50.24,6.14,-0.002,0.696,NA,table 2,table 8  - column 4,NA,0
zhong et al. (2017),524,https://www.journals.uchicago.edu/doi/suppl/10.1086/692115,JAERE,2017,economics,"beijing, china",instrumental variable,ambulance call rate for coronary heart problem - female population,morbidity,all and female,0,no2,daily,1377,1 µg/m³ increase in no2,0,0,0,NA,NA,50.24,6.14,0.001,0.004,NA,table 2,table 8 - column 2,NA,0
zhong et al. (2017),525,https://www.journals.uchicago.edu/doi/suppl/10.1086/692115,JAERE,2017,economics,"beijing, china",instrumental variable,ambulance call rate for all heart problem - female population,morbidity,all and female,0,no2,daily,1377,1 µg/m³ increase in no2,0,0,0,NA,NA,50.24,6.14,0.007,0.016,NA,table 2,table 8 - column 1,NA,0
zhong et al. (2017),526,https://www.journals.uchicago.edu/doi/suppl/10.1086/692115,JAERE,2017,economics,"beijing, china",instrumental variable,ambulance call rate for fever problem - female population,morbidity,all and female,0,no2,daily,1377,1 µg/m³ increase in no2,0,0,0,NA,NA,50.24,6.14,0.03,0.011,NA,table 2,table 8 - column 3,NA,0
zhong et al. (2017),527,https://www.journals.uchicago.edu/doi/suppl/10.1086/692115,JAERE,2017,economics,"beijing, china",instrumental variable,ambulance call rate for injury problem - female population,morbidity,all and female,1,no2,daily,1377,1 µg/m³ increase in no2,0,0,0,NA,NA,50.24,6.14,0.005,0.638,NA,table 2,table 8  - column 4,NA,0
zhong et al. (2017),528,https://www.journals.uchicago.edu/doi/suppl/10.1086/692115,JAERE,2017,economics,"beijing, china",instrumental variable,ambulance call rate for coronary heart problem - ages 65 and older population,morbidity,old,0,no2,daily,1377,1 µg/m³ increase in no2,0,0,0,NA,NA,50.24,6.14,-0.002,0.024,NA,table 2,table 8 - column 2,NA,0
zhong et al. (2017),529,https://www.journals.uchicago.edu/doi/suppl/10.1086/692115,JAERE,2017,economics,"beijing, china",instrumental variable,ambulance call rate for all heart problem - ages 65 and older population,morbidity,old,0,no2,daily,1377,1 µg/m³ increase in no2,0,0,0,NA,NA,50.24,6.14,0.032,0.078,NA,table 2,table 8 - column 1,NA,0
zhong et al. (2017),530,https://www.journals.uchicago.edu/doi/suppl/10.1086/692115,JAERE,2017,economics,"beijing, china",instrumental variable,ambulance call rate for fever problem - ages 65 and older population,morbidity,old,0,no2,daily,1377,1 µg/m³ increase in no2,0,0,0,NA,NA,50.24,6.14,0.16,0.065,NA,table 2,table 8 - column 3,NA,0
zhong et al. (2017),531,https://www.journals.uchicago.edu/doi/suppl/10.1086/692115,JAERE,2017,economics,"beijing, china",instrumental variable,ambulance call rate for injury problem - ages 65 and older population,morbidity,old,1,no2,daily,1377,1 µg/m³ increase in no2,0,0,0,NA,NA,50.24,6.14,-0.084,0.792,NA,table 2,table 8  - column 4,NA,0
zhong et al. (2017),532,https://www.journals.uchicago.edu/doi/suppl/10.1086/692115,JAERE,2017,economics,"beijing, china",instrumental variable,ambulance call rate for coronary heart problem - ages 15 to 64 population,morbidity,15 to 64,0,no2,daily,1377,1 µg/m³ increase in no2,0,0,0,NA,NA,50.24,6.14,0.008,0.003,NA,table 2,table 8 - column 2,NA,0
zhong et al. (2017),533,https://www.journals.uchicago.edu/doi/suppl/10.1086/692115,JAERE,2017,economics,"beijing, china",instrumental variable,ambulance call rate for all heart problem - ages 15 to 64 population,morbidity,15 to 64,0,no2,daily,1377,1 µg/m³ increase in no2,0,0,0,NA,NA,50.24,6.14,0.01,0.012,NA,table 2,table 8 - column 1,NA,0
zhong et al. (2017),534,https://www.journals.uchicago.edu/doi/suppl/10.1086/692115,JAERE,2017,economics,"beijing, china",instrumental variable,ambulance call rate for fever problem - ages 15 to 64 population,morbidity,15 to 64,0,no2,daily,1377,1 µg/m³ increase in no2,0,0,0,NA,NA,50.24,6.14,0.008,0.004,NA,table 2,table 8 - column 3,NA,0
zhong et al. (2017),535,https://www.journals.uchicago.edu/doi/suppl/10.1086/692115,JAERE,2017,economics,"beijing, china",instrumental variable,ambulance call rate for injury problem - ages 15 to 64 population,morbidity,15 to 64,1,no2,daily,1377,1 µg/m³ increase in no2,0,0,0,NA,NA,50.24,6.14,0.005,0.674,NA,table 2,table 8  - column 4,NA,0
zhong et al. (2017),536,https://www.journals.uchicago.edu/doi/suppl/10.1086/692115,JAERE,2017,economics,"beijing, china",instrumental variable,ambulance call rate for fever problem - ages below 15,morbidity,children/young,0,no2,daily,1377,1 µg/m³ increase in no2,0,0,0,NA,NA,50.24,6.14,0.023,0.031,NA,table 2,table 8 - column 3,NA,0
zhong et al. (2017),537,https://www.journals.uchicago.edu/doi/suppl/10.1086/692115,JAERE,2017,economics,"beijing, china",instrumental variable,ambulance call rate for injury problem - ages below 15,morbidity,children/young,1,no2,daily,1377,1 µg/m³ increase in no2,0,0,0,NA,NA,50.24,6.14,-0.008,0.552,NA,table 2,table 8  - column 4,NA,0
